DrugName,Form,Strength
VEOZAH,TAB,45MG
NEXTSTELLIS,TAB,3-14.2MG
SLYND,TAB,4MG
CITRANATAL 90 DHA,CAP,120-159-0-30-30
ERGOCALCIFEROL,CAP,1.25MG
INTRAROSA,INSR,6.5MG
LO LOESTRIN FE,TAB,1000-10-10MCG
CROMOLYN 100MG VAGINAL SUPPOSI,,
BUPRENORPHINE/NAL,FILM,8-2MG
ORILISSA,TAB,150MG
NALOXONE,SPRAY,4MG/0.1ML
COVID-19 ACCESSBIO HOME TEST,,
VTAMA,CRM,1%
FERROUS SULFATE,TAB,325MG
TACROLIMUS,OINT,0.1%
BIJUVA,CAP,0.5-100MG
VITAMIN D,TAB*****,"10,000IU"
NALOXONE,SPRY,4MG/0.1ML
CHOLECALCIFEROL,CAP,50000IU
DAILY-VITE,TAB,60-510-23-30-40
TACROLIMUS,OINT,0.1%
VITAFOL-ONE,CAP,30-1100-20-200-
ONETOUCH ULTRA TEST STRIP,TES,
GEMTESA,TAB,75MG
FLUTICASONE PROPIONATE,SPRY,50MCG/ACTUATION
PHEXXI,GEL,1.8-1-0.4%
VITAMIN B12,TAB***,1000MCG
PANTOPRAZOLE SODIUM,TAB,40MG
LIDOCAINE*,FILM,4%
CROMOLYN 100MG VAGINAL SUPPOSI,SUPP,
TRUECOMFORT LANCETS 50,,
MYFEMBREE,TAB,40-1-0.5MG
BIJUVA 1MG-100MG CAP,CAP,1-100MG
MULTIVITAMIN W/FL,DROP,0.25MG/ML
ONETOUCH DELICA + LA,,
metFORMIN HCL,TAB,500MG
DOCUSATE SODIUM,CAP,100MG
ONDANSETRON HCL,TAB,4MG
ALBUTEROL,AER,90MCG/ACTUATION
NAPROXEN DR,TAB,500MG
ALBUTEROL,AER,90MCG/ACTUATION
NAPROXEN DR,TAB,500MG
ONDANSETRON,TAB,4MG
KETOCONAZOLE,SHAMPOO,2%
IMVEXXY,INSR,10MCG
LACTULOSE,PWD,10G
FREESTYLE LIBRE 2 SE,,
ASPIRIN,TAB,81MG
DEXCOM G7,,
CALCIPOTRIENE,OINT,0.005%
IMVEXXY 4MCG VAGINAL,INSR,4MCG
TAMSULOSIN,CAP,0.4MG
PROGESTERONE,CAP,200MG
FOLIC ACID (VITAMIN B9),TAB,1MG
OXYCODONE/APAP,TAB,10-325MG
ONETOUCH ULTRA TEST STRIP,TES,
ADACEL,INJ,2-5-5-5-2.5-3LF
TACROLIMUS,OINT,0.1%
TWIRLA,FILM,120-30MCG/24H
WEGOVY,INJ,0.25MG/DOSE
TYBLUME,TAB,0.1-0.02MG
ALCOHOL PREP PADS,,
TRUCOMFORT (DO NOT USE),,
DICLOFENAC SODIUM,GEL,1%
FLUARIX TRIVALENT,INJ,15-15-15MCG/0.5
PRENATE MINI,SOFTGEL,1-150-80-25-13-
PROMETHAZINE DM,SOL,6.25-15MG/5ML
amLODIPine BESYLATE,TAB,10MG
ALBUTEROL,AER,90MCG/ACTUATION
HOMEAIDE LANCING DEVICE,,
oxyCODONE HCL,TAB,30MG
metroNIDAZOLE,TAB,500MG
AMOXICILLIN/CLAV,TAB,875-125MG
TRETINOIN,CRM,0.025%
JUNEL FE 1/20,TAB,1000-20MG
CONTOUR NEXT TEST STRIP,EA,
tiZANidine HCL,TAB,4MG
OMEPRAZOLE,CAP,40MG
LEVOTHYROXINE SODIUM,TAB,25MCG
PANTOPRAZOLE SODIUM,TAB,40MG
IBUPROFEN,SUSP,100MG/5ML
amLODIPine BESYLATE,TAB,10MG
OPZELURA,CRM,1.5%
CLOPIDOGREL BISULFATE,TAB,75MG
DICLOFENAC SODIUM,GEL,1%
ICOSAPENT ETHYL,CAP,1G
amLODIPine BESYLATE,TAB,5MG
VASCEPA,CAP,1G
OMEPRAZOLE DR,CAP,40MG
HYDROCORTISONE,CRM,2.5%
OXYCODONE/APAP,TAB,10-325MG
EPINEPHrine,INJ,0.3MG/DOSE
MELOXICAM,TAB,15MG
AMPHET SALT CMB ER,CP,30MG
ACCRUFER,CAP,30MG
SAFETY PEN NEEDLE 31G 4MM,,
MONTELUKAST SODIUM,TAB,10MG
CLINDAMYCIN PHOSPHATE,SOL,1%
LEVOTHYROXINE SODIUM,TAB,75MCG
WEGOVY,INJ,2.4MG/DOSE
AMPHET SALT CMB,TB,20MG
medroxyPROGESTERone,TAB,10MG
RUGBY NICOTINE,GUM,2MG
CLOTRIMAZOLE/BETAMET,CRM,1-0.05%
FAMOTIDINE,PWD,40MG/5ML
FARXIGA,TAB,10MG
CLOTRIMAZOLE/BETAMET,CRM,1-0.05%
AMPHET SALT CMB,TAB,30MG
MULTIVIT/FL,CHEW,1MG
ONDANSETRON ODT,TAB,4MG
DICLOFENAC SODIUM,SOL,1.5%
MOMETASONE FUROATE,CRM,0.1%
ZORYVE 0.3% TOPICAL,AER,0.3%
DOCUSATE SODIUM,CAP,100MG
CLINDAMYCIN PHOSPHAT,LOT,1%
LANTUS SOLOSTAR,INJ,100U/ML
AFLURIA TRI 2024-202,INJ,15-15-15MCG/0.5
ZEPBOUND,INJ,2.5MG/0.5ML
OZEMPIC 0.25 OR 0.50,INJ,0.25MG
VENTOLIN HFA,AER,90MCG/INH
AFLURIA TRIVALENT,INJ,15-15-15MCG/0.5
FLUZONE TRI 2025-202,INJ,15-15-15MCG/0.5
CLINDAMYCIN PHOSPHATE,SWAB,1%
IBUPROFEN,TAB,600MG
DICLOFENAC POTASSIUM,TAB,25MG
PROGESTERONE,CAP,200MG
CLOBETASOL PROPIONATE,CRM,0.05%
ANNOVERA VAGINAL SYS,SUPP,0.15-0.013MG/24
IBUPROFEN,TAB,600MG
METOCLOPRAMIDE HCL,TAB,10MG
OZEMPIC,INJ,1MG/DOSE
OXYCODONE/APAP,TAB,10-325MG
metFORMIN HCL,TAB,1000MG
MELOXICAM,CAP,5MG
CETIRIZINE,TAB,10MG
PNV-DHA,CAP,85-140-300-27-2
ATORVASTATIN CALCIUM,TAB,10MG
SENNA (SENNOSIDES),TAB,8.6MG
FLUTICASONE PROPIONATE,SPRY,50MCG/ACTUATION
PIMECROLIMUS,CRM,1%
CYCLOBENZAPRINE,TB,10MG
ALBUTEROL,AER,90MCG/ACTUATION
tiZANidine HCL,TAB,4MG
LEVOTHYROXINE SODIUM,TAB,50MCG
IBUPROFEN,TAB,800MG
AMOXICILLIN,CAP,500MG
FEMLYV,TAB,1MG/0.02MG
COMFORT EZ 31G,PEN NEEDLES**,
TRETINOIN,CRM,0.025%
LEVOTHYROXINE SODIUM,TAB,25MCG
CICLOPIROX OLAMINE,SUSP,0.77%
CELECOXIB,CAP,200MG
oxyCODONE HCL,TAB,10MG
FLUoxetine HCL,CAP,20MG
DICLOFENAC SODIUM,TAB,75MG
metFORMIN HCL,TAB,500MG
ATORVASTATIN CALCIUM,TAB,10MG
CLOBETASOL E PROPION,ECRM,0.05%
ACETAMINOPHEN,LIQ,160MG/5ML
FLUCONAZOLE,TAB,150MG
WEGOVY,INJ,0.5MG/DOSE
ABRYSVO SOLN FOR INJ,INJ,60-60MCG
traZODone,TAB,50MG
PREMARIN,CRM,0.625MG/G
CLEARLAX,PWD,17G
JARDIANCE,TAB,10MG
ERGOCALCIFEROL,CAP,1.25MG
LEVOTHYROXINE SODIUM,TAB,50MCG
ONETOUCH ULTRA2 SYST****,,
LIDOCAINE,FILM ER,5%
ALBUTEROL,AER,90MCG/ACTUATION
ALPRAZolam,TAB,0.5MG
PRETRATE PRENATAL VITAMIN,TAB,50-200-55-3.4-1
VITAFOL ULTRA,CAP,30-1100-20-29-1
ESCITALOPRAM,TAB,10MG
FLUCONAZOLE,TAB,150MG
ZTLIDO,FILM,1.8%
LOSARTAN POTASSIUM,TAB,50MG
CALCIUM/ VIT.D,TAB,600-400MG
TRESIBA,INJ,100U/ML
methylPREDNISolone,TAB,4MG
ESCITALOPRAM,TAB,20MG
VITAMIN B12,TAB,2500MCG
WEGOVY,INJ,1MG/DOSE
TM-DAILY VITE,TAB,1500-1.7-1.5-20
COMFORT EZ INSULIN SYRINGE,,
ROSUVASTATIN CALCIUM,TAB,10MG
IBUPROFEN,TAB,800MG
EXPEDITED DELIVERY,,
BONJESTA,TAB,20-20MG
FLUARIX TRI 2024-202,INJ,15-15-15MCG/0.5
MUPIROCIN,OINT,2%
DEEP SEA,SPRY,0.65%
LEVOTHYROXINE SODIUM,TAB,50MCG
"OMEPRAZOLE, SODIUM B",PWD,20-1680MG
metFORMIN HCL,TAB,500MG
diazePAM SUPPOSITORY,,10MG
KETOCONAZOLE,CRM,2%
WEGOVY,INJ,1.7MG/DOSE
BROM/PSE/DM,SYR,2-10-30MG/5ML
SULFAMETHOXAZOLE-TMP,TAB,800-160MG
FREESTYLE LIBRE 3 PL,,
TRETINOIN,CRM,0.05%
LOSARTAN POTASSIUM,TAB,25MG
FLUTICASONE PROPIONA,INH,250-50MCG/ACTUA
LATANOPROST,SOL,0.005%
ESOMEPRAZOLE MAGNESIUM,CAP,40MG
AMMONIUM LACTATE,LOT,12%
ROSUVASTATIN CALCIUM,TAB,5MG
FLUTICASONE/SALMETEROL,INH,113-14MCG/ACTUA
LEVOTHYROXINE SODIUM,TAB,150MCG
BUDES/FORMO INH,INH,80-4.5MCG/ACTUA
HYDROCORTISONE,OINT,2.5%
CLOBETASOL E PROPION,ECRM,0.05%
PRENATAL,TAB,100-0-263-0-0-1
OXYCODONE/APAP,TAB,10-325MG
ROSUVASTATIN CALCIUM,TAB,20MG
IBUPROFEN,TAB,800MG
MULTIVIT/FLUOR 0.5MG,CHEW,
TACROLIMUS,OINT,0.1%
XULANE,FILM,150-35MCG
RESTASIS,EMUL,0.05%
IBUPROFEN,TAB,800MG
"CALCIUM, VITAMIN D",TAB,500MG-5MCG
ALOGLIPTIN,TAB,25MG
metFORMIN HCL,TAB,500MG
HYDROQUINONE,CRM,4%
ENDOCET,TAB,10-325MG
SPIKEVAX 2024-25 COV,INJ,50MCG/0.5ML
amLODIPine BESYLATE,TAB,5MG
ROSUVASTATIN CALCIUM,TAB,20MG
TRETINOIN,CRM,0.025%
buPROPion HCL,ER TAB,150MG
KETOCONAZOLE,CRM,2%
IBUPROFEN,TAB,300MG
ALBUTEROL SULFATE,SOL,0.083%
TRIAMCINOLONE ACETONIDE,CRM,0.1%
VITAMIN D3,TAB,1000IU
ACETAMINOPHEN,TAB,500MG
OZEMPIC,INJ,2MG/DOSE
DICLOFENAC SODIUM,GEL,1%
metFORMIN HCL,,500 MG
OXYCODONE/APAP,TAB,10-325MG
NALOXONE HYDROCHLORI,SPRY,4MG/0.1ML
GABAPENTIN,CAP,300MG
FREESTYLE LIBRE 3 SE,,
ESTRING,SUPP,2MG
JANUVIA,TAB,50MG
ADMELOG SOLOSTAR,INJ,100U/ML
CEPHALEXIN MONOHYDRATE,CAP,500MG
FUROSEMIDE,TAB,40MG
METOCLOPRAMIDE HCL,TAB,10MG
SYNJARDY XR,TAB ER,25-1000MG
ATORVASTATIN CALCIUM,TAB,20MG
LEVOTHYROXINE SODIUM,TAB,112MCG
ALCOHOL SWAB BD,EA,
FAMOTIDINE,TAB,20MG
SODIUM BICARBONATE,TAB,650MG
AMPHET SALT CMB ER,CAP,20MG
NIACIN (VITAMIN B3),TAB,500MG
metFORMIN HYDROCHLOR,TAB,1000MG
VITAMIN D3 (1000 IU),TABLETS,25 MCG
ALBUTEROL SULFATE,SOL,0.083%
EUCRISA,OINT,2%
LEVOTHYROXINE SODIUM,TAB,100MCG
AMPHET SALT CMB,TAB,30MG
ELIQUIS,TAB,5MG
JANUVIA,TAB,100MG
AMOXICILLIN,PWD,400MG/5ML
DESONIDE,CRM,0.05%
ATORVASTATIN CALCIUM,TAB,40MG
TRIAMCINOLONE ACETONIDE,CRM,0.1%
CLOBETASOL PROPIONAT,FOAM,0.05%
PROMETHAZINE HCL,SOL,6.25MG/5ML
METOPROLOL SUCCINATE,TAB,50MG
IMVEXXY 4MCG VAG INS,INSR,4MCG
AMOXICILLIN,TAB,500MG
LOSARTAN/HCTZ,TAB,100-12.5MG
GABAPENTIN,CAP,300MG
ALBUTEROL,AER,90MCG/ACTUATION
LUMIGAN,SOL,0.01%
BASAGLAR,INJ,100U/ML
ASPIRIN,CHEW,81MG
LEVOCETIRIZINE,TAB,5MG
"ADAPALENE, BENZOYL P",GEL,0.3-2.5%
DICLOFENAC SODIUM,SOL,2%
ALPRAZolam,TAB,2MG
oxyCODONE HCL,TAB,30MG
predniSONE,TAB,5MG
NURTEC ODT,TAB,75MG
OMEPRAZOLE DR,CAP,20MG
ATORVASTATIN CALCIUM,TAB,40MG
MELOXICAM,TAB,7.5MG
ATORVASTATIN CALCIUM,TAB,20MG
BISACODYL,TAB,5MG
DAILY VITE,TAB,50-400-6-5000-4
ASPIRIN,CHEW,81MG
DICLOFENAC SODIUM,SOL,2%
OXYCODONE/APAP,TAB,10-325MG
MONTELUKAST SODIUM,TAB,10MG
ASPIRIN,TAB,81MG
clonazePAM,TAB,1MG
CLOBETASOL PROPIONAT,SOL,0.05%
AZITHROMYCIN,TAB,250MG
buPROPion HCL,TAB ER,150MG
ESCITALOPRAM,TAB,20MG
CODEINE/PROMETHAZINE,SOL,10-6.25MG/5ML
"NITROFURANTOIN, NITR",CAP,100MG
HYDROCORTISONE,LOT,2%
predniSONE,TAB,20MG
TAB-A-VITE MULTIVITAMIN,,
LIDOCAINE,FILM,5%
EZETIMIBE,TAB,10MG
ATORVASTATIN CALCIUM,TAB,40MG
SHINGRIX,INJ,0
AMOXICILLIN TRIHYDRATE,CAP,500MG
FLUTICASONE/SALMET,INH,232-14MCG
D-VI-SOL VITAMIN D,,10MCG (400 IU)
"BUDESONIDE, FORMOTEROL FUMARAT",INH,160-4.5MCG/ACTU
EPINEPHrine,INJ,0.3MG/DOSE
CHLORHEXIDINE GLUCON,LIQ,0.12%
TRETINOIN,CRM,0.025%
cycloSPORINE,EMUL,0.05%
TRUE METRIX GLUCOSE TEST STRIP,,
valGANciclovir HCL,TAB,450MG
SODIUM SULFAC/SULFUR,SUSP,10-5%
LIDOCAINE,CRM,4%
LEVOTHYROXINE SODIUM,TAB,25MCG
OXYCODONE/APAP,TAB,5-325MG
ATORVASTATIN CALCIUM,TAB,20MG
ATORVASTATIN CALCIUM,TAB,20MG
ALCOHOL SWABS,,
FUROSEMIDE,TAB,20MG
"CALCIPOTRIENE, BETAM",OINT,0.005-0.064%
GABAPENTIN,CAP,100MG
CARVEDILOL,TAB,6.25MG
CEFDINIR,CAP,300MG
SERTRALINE HCL,TAB,50MG
DOXYLAMINE SUCCINATE,TAB,10-10MG
VITAMIN D3,CAPS,5000 IU
LOSARTAN POTASSIUM,TAB,100MG
VYVANSE,CAP,20MG
MONTELUKAST SODIUM,TAB,10MG
ABRYSVO,INJ,60-60MCG
VANDAZOLE,GEL,0.75%
AMPHET CMB SALTS,TB,20MG
LINZESS,CAP,290MCG
COMIRNATY,INJ,30MCG/0.3ML
TOUJEO SOLOSTAR,INJ,300U/ML
ENTRESTO,TAB,49-51MG
ONE-A-DAY PRENATAL 1 SOFTGELS,,
IMVEXXY DO NOT USE,INSR,10MCG
INSULIN GLARGINE,INJ,100U/ML
LORazepam,TAB,1MG
ALENDRONATE SODIUM,TAB,70MG
IBUPROFEN,TAB,600MG
ALCOHOL,PADS ***,
SERTRALINE HCL,TAB,100MG
LOSARTAN POTASSIUM,TAB,100MG
QUEtiapine FUMARATE,TAB,25MG
VENLAFAXINE HCL,CAP ER,150MG
VARENICLINE TARTRATE,TAB,0.5-1MG
CARVEDILOL,TAB,25MG
PROCTO-MED HC,CRM,2.5%
tiZANidine HCL,TAB,2MG
ATENOLOL,TAB,50MG
BD ULTRA-FINE NANO 4MM,EA,
FLUTICASONE/SALMET,INH,100-50MCG
NALOXONE HCL *,SPRY,4MG/0.1ML
FERROUS SULFATE,TAB,325MG
NovoLOG FLEXPEN,INJ,100U/ML
ZEPBOUND,INJ,12.5MG/0.5ML
XIIDRA,SOL,5%
VITAMIN D3 10MCG,TAB,(400IU)
LEVOTHYROXINE SODIUM,TAB,88MCG
oxyCODONE HCL,TAB,15MG
SILDENAFIL CITRATE,TAB,100MG
BENZOYL PEROXIDE,SUSP,5%
AMPHET SALT CMB,TAB,10MG
MOMETASONE FUROATE,OINT,0.1%
RHOPHYLAC,INJ,1500IU
GAVILAX,PWD,17G
VYVANSE,CAP,70MG
ATORVASTATIN CALCIUM,TAB,20MG
metFORMIN HYDROCHLORIDE,TAB ER,500MG
CARVEDILOL,TAB,3.125MG
amLODIPine BESYLATE,TAB,5MG
AMPHETAMINE ASPARTAT CMB,TAB,10MG
SENNA PLUS,TAB,50-8.6MG
ALPRAZolam,TAB,1MG
glipiZIDE,TAB,10MG
CHOLECALCIFEROL,DROP,400IU/ML
DICLEGIS,TAB,10-10MG
ONETOUCH VERIOTEST STRIP,EA,
hydroCHLOROthiazide,TAB,25MG
amLODIPine BESYLATE,TAB,5MG
ENALAPRIL MALEATE,TAB,2.5MG
ASPIRIN,CHEW,81MG
ACETAMINOPHEN,TAB,325MG
ZEPBOUND,INJ,5MG/0.5ML
MOUNJARO 10MG/0.5ML,INJ,10MG/0.5ML
MOUNJARO 5MG/0.5ML S,INJ,5MG/0.5ML
CLOTRIMAZOLE/BETAMET,CRM,1-0.05%
ALBUTEROL SULFATE,SOL,1.25MG/3ML
DEXLANSOPRAZOLE,CAP,30MG
ALBUTEROL,AER,90MCG/ACTUATION
traMADol,TAB,50MG
ACCU-CHEK AVIVA PLUS STRIP,TES,
AMOXICILLIN/CLAVULAN,TAB,500-125MG
DAPSONE,GEL,7.5%
buPROPion HCL,TAB ER,300MG
LABETALOL HYDROCHLORIDE,TAB,100MG
levoFLOXacin,TAB,500MG
METOPROLOL SUCCINATE,TAB,25MG
hydroCHLOROthiazide,TAB,12.5MG
AMMONIUM LACTATE,CRM,12%
LOSARTAN/HCTZ,TAB,50-12.5MG
metFORMIN HCL,TAB,1000MG
ERYTHROMYCIN,OINT,0.5%
FAMOTIDINE,TAB,40MG
METOPROLOL TARTRATE,TAB,50MG
AZELASTINE HYDROCHLORIDE,SPRY,137MCG/ACTUATIO
OXYCODONE/APAP,TAB,5-325MG
cloNIDine HCL,TAB,0.2MG
hydrOXYzine PAMOATE,CAP,25MG
MOUNJARO,INJ,2.5MG/0.5ML
MOUNJARO 12.5MG/0.5M,INJ,12.5MG/0.5ML
DOXYCYCLINE HYCLATE,CAP,100MG
METHYLPHENIDATE HCL,TAB,20MG
tiZANidine HYDROCHLORIDE,TAB,4MG
CLOTRIMAZOLE/BETAMETHASONE,CRM,1-0.05%
LETROZOLE,TAB,2.5MG
JARDIANCE,TAB,25MG
CLOMID,TAB,50MG
JUNEL FE 24 28,TAB,75-1-0.02MG
GARDASIL 9,INJ,30-40-60-40-20-
AMPHET SALT CMB,TB,10MG
NovoLOG MIX 70/30 F,INJ,70-30U/ML
VYVANSE,CAP,40MG
tiZANidine HCL,TAB,4MG
RHOFADE,CRM,1%
CYCLOBENZAPRINE HCL,TAB,5MG
CICLOPIROX OLAMINE,SOL,8%
LORazepam,TAB,0.5MG
SIMVASTATIN,TAB,10MG
METHOCARBAMOL,TAB,500MG
DICLOFENAC POTASSIUM,CAP,25MG
PREGABALIN,CAP,150MG
GABAPENTIN,CAP,100MG
traZODone HYDROCHLOR,TAB,100MG
AZITHROMYCIN,TAB,250MG
ATORVASTATIN CALCIUM,TAB,20MG
CARVEDILOL,TAB,12.5MG
ROSUVASTATIN CALCIUM,TAB,10MG
amLODIPine BESYLATE,TAB,10MG
CEPHALEXIN MONOHYDRATE,CAP,500MG
SUREBIOTIC PROBIOTIC,CAP,16000000000-150
VITAMIN C,TAB**,500MG
GAVILYTE-G,PWD,22.74-6.74-5.86
DORZOLAMIDE/TIMOLOL,SOL,2-0.5%
MUPIROCIN,OINT,2%
INCRUSE ELLIPTA,INH,62.5MCG/ACTUATI
AZELAIC ACID,GEL,15%
TRIAMCINOLONE ACETON,OINT,0.05%
CLOBETASOL PROPIONAT,OINT,0.05%
AMMONIUM LACTATE,LOT,12%
CONTOUR NEXT EZ MONI,,
ZEPBOUND,INJ,10MG/0.5ML
"BROMPHENIRAMINE MALEATE, DEXTR",SYR,2-30-10MG/5ML
ADDERALL XR,CAP,30MG
FLUoxetine,CAP,40MG
ENALAPRIL MALEATE,TAB,10MG
LEVOCETIRIZINE,TAB,5MG
LOSARTAN/HCTZ,TAB,50-12.5MG
oxyCODONE HCL,TAB,30MG
COMFORT EZ 31G 5MM,PEN NEEDLE,
HYDROQUINONE,CRM,4%
METOPROLOL SUCCINATE,TAB,25MG
FLUTICASONE PROPIONA,INH,500-50MCG/ACTUA
IMVEXXY,INSR,10MCG
FLUoxetine HYDROCHLORIDE,CAP,40MG
SERTRALINE HCL,TAB,25MG
ACCU-CHEK GUIDE TEST,,
ATORVASTATIN CALCIUM,TAB,10MG
LISINOPRIL,TAB,10MG
traZODone HYDROCHLOR,TAB,100MG
DAPAGLIFLOZIN,TAB,10MG
FLUTICASONE PROPIONA,AER,110MCG/ACTUATIO
GABAPENTIN,CAP,300MG
LABETALOL HYDROCHLORIDE,TAB,200MG
FLUCELVAX TRI 2024-2,INJ,15-15-15MCG/0.5
AMPHET SALT CMB,ER CP,25MG
BENZOYL PEROXIDE,SUSP,5%
FINACEA,FOAM,15%
ZEPBOUND,INJ,7.5MG/0.5ML
TERCONAZOLE,CRM,0.8%
VALSARTAN/HCTZ,TAB,160-12.5MG
LACTULOSE,SOL,10G/15ML
DIMETAPP CHILDRENS COLD & CON,SOL,6.25-2.5MG/5ML
DOXYCYCLINE HYCLATE,TAB,100MG
"BD ULTRA-FINE 15/64""",EA,
DICLOFENAC SODIUM,TAB,75MG
ROSUVASTATIN 10MG TAB,,
ROSUVASTATIN 20MG,,
TRUE METRIX GLUCOSE METER KIT,,
glipiZIDE,TAB,5MG
XIIDRA 5% OPHTHALMIC,SOL,5%
risperiDONE,TAB,2MG
ALLOPURINOL,TAB,100MG
lamoTRIgine,TAB,25MG
CLINDAMYCIN PHOSPHATE,SOL,1%
CICLOPIROX,SHAMPOO,1%
ESTRADIOL,CRM,0.01%
FOLIC ACID (VITAMIN,TAB,1MG
IBUPROFEN,TAB,400MG
ATORVASTATIN CALCIUM,TAB,10MG
CARVEDILOL,TAB,25MG
PROMETHAZINE DM,SOL,15-6.25MG/5ML
AZITHROMYCIN,TAB,250MG
LOSARTAN POTASSIUM,TAB,50MG
ATENOLOL,TAB,25MG
FINASTERIDE,TAB,5MG
GABAPENTIN,CAP,300MG
VRAYLAR,CAP,3MG
HYDROXYCHLOROQUINE SULFATE,TAB,200MG
risperiDONE,TAB,1MG
LISINOPRIL,TAB,2.5MG
DULoxetine,CAP,30MG
ALBUTEROL SULFATE,SYR,2MG/5ML
CYCLOBENZAPRINE,TAB,10MG
AMPHET SALT CMB,ER CP,10MG
OXYCODONE/APAP,TAB,5-325MG
methIMAzole,TAB,10MG
AZELASTINE HYDROCHLO,SPRY,137-50MCG/ACTUA
"NITROFURANTOIN, NITR",CAP,100MG
OMEPRAZOLE,CAP,20MG
URSODIOL,CAP,300MG
tiZANidine HCL,TAB,4MG
DIVALPROEX SODIUM DR,TAB,500MG
AZITHROMYCIN,TAB,250MG
AMMONIUM LACTATE,LOT,12%
AZELAIC ACID,GEL,15%
ALPRAZolam,TAB,0.5MG
VITAMIN D3,TAB,2000IU
BUPRENORPHINE/NALOXO,TABL,8-2MG
FIASP FLEX TOUCH,INJ,100U/ML
FAMOTIDINE,TAB,40MG
AKLIEF,CRM,0.005%
ZEPBOUND,INJ,15MG/0.5ML
BETAMETHASONE DIPROPIONATE,LOT,0.05%
prednisoLONE,SOL,15MG/5ML
PROMETHAZINE HCL,SOL,6.25MG/5ML
LEVOTHYROXINE SODIUM,TAB,137MCG
TOLTERODINE TARTRATE,TAB,2MG
FABIOR,FOAM,0.1%
MOMETASONE FUROATE,SPRY,50MCG/ACTUATION
risperiDONE,TAB,2MG
NALOXONE HYDROCHLORI,SPRY,4MG/0.1ML
SERTRALINE,TAB,25MG
CAPSAICIN,FILM,0.025%
KETOTIFEN,SOL,0.035%
HYDROCORTISONE ACETA,CRM,2.5%
SPIKEVAX COVID-19 MR,INJ,50MCG/0.5ML
TAVABOROLE,SOL,5%
metFORMIN HYDROCHLOR,TAB,850MG
GABAPENTIN,CAP,400MG
GABAPENTIN,CAP,300MG
ESTRADIOL,CRM,0.01%
medroxyPROGESTERone,INJ,150MG/ML
MULTIVITAMIN/FL,DROPS,0.25 MG
DEXTROMETHORPHAN HYD,SOL,6.25-15MG/5ML
VENLAFAXINE HYDROCHL,CAP,75MG
NICOTINE,FILM ER,21MG/24H
ACETAMINOPHEN,TAB,325MG
LEVOTHYROXINE SODIUM,TAB,88MCG
VYVANSE,CAP,60MG
MULTIVITAMIN/FL/IRON,DROP,0.25
PANTOPRAZOLE SODIUM,TAB,20MG
CLOBETASOL E PROPION,ECRM,0.05%
METHYLPHENIDATE HCL,TAB,10MG
BD NANO 2ND GEN PEN NEEDLES 4,,
MOUNJARO 7.5MG/0.5ML,INJ,7.5MG/0.5ML
TRULICITY,INJ,4.5MG/0.5ML
"INSULIN LISPRO, INSU",INJ,25-75U/ML
REFRESH,DROP,1%
BUPRENORPHINE HCL,TAB,8MG
CREON DR,CAP,36000-180000-11
MIRALAX,PWD,17G
SODIUM CHLORIDE,SOL,0.9%
NORETHINDRONE ACETAT,TAB,5MG
TRETINOIN,CRM,0.025%
valACYclovir,TAB,500MG
EYE ITCH RELIEF,SOL,0.025%
CLINDAMYCINE/BENZOYL,GEL,1.2-5%
OxyCONTIN,TER,30MG
FAMOTIDINE,PWD,40MG/5ML
hydrOXYzine HCL,TAB,25MG
FLUZONE QUAD (FLU VACCINE),INJ,15-15-15-15MCG/
AMPHET SALT CMB,TAB,5MG
LOSARTAN POTASSIUM,TAB,100MG
VALSARTAN,TAB,160MG
BENZONATATE,CAP,100MG
BIKTARVY,TAB,50-200-25MG
COLCHICINE,TAB,0.6MG
ARIPiprazole,TAB,2MG
METHOTREXATE SODIUM,TAB,2.5MG
CALCIUM CARBONATE,CHEW,500MG
ROSUVASTATIN CALCIUM,TAB,10MG
PIMECROLIMUS,CRM,1%
CLINDAMYCIN PHOSPHATE,SOL,1%
CARVEDILOL,TAB,3.125MG
MIDODRINE HYDROCHLORIDE,TAB,10MG
CLEMASTINE FUMARATE,SOL,0.5MG/5ML
CLOTRIMAZOLE 1%,SOL*,
GLIMEPIRIDE 2MG TAB,TAB,2MG
miSOPROStol,TAB,200MCG
tiZANidine HCL,TAB,4MG
TACROLIMUS,OINT,0.1%
AMPHET SALT CMB,ER CP,15MG
SPIRONOLACTONE,TAB,50MG
PANTOPRAZOLE SODIUM,TAB,40MG
GABAPENTIN,CAP,300MG
"NITROFURANTOIN, NITROFURANTOIN",CAP,100MG
WINLEVI,CRM,1%
hydrALAZINE HYDROCHLORIDE,TAB,50MG
MULTIVITAMIN WITH FL,CHEW,0.5
methylPREDNISolone,TAB,4MG
ONDANSETRON HCL,TAB,8MG
REPAGLINIDE,TAB,2MG
ROSUVASTATIN 10 MG,TABLET,
GABAPENTIN,CAP,300MG
FERROUS SULFATE,TAB,325MG
FERROUS SULFATE,TAB,325MG
CABTREO,GEL,1.2-0.15-3.1%
ENTRESTO,TAB,24-26MG
AMOXICILLIN,PWD,250MG/5ML
STEGLATRO,TAB,5MG
ELIQUIS,TAB,2.5MG
VERQUVO,TAB,10MG
CLOMID,TAB,50MG
DEXCOM G6 SENSOR,,
clonazePAM,TAB,0.5MG
ADDERALL XR,CAP,25MG
glipiZIDE ER,TAB,10MG
hydroCHLOROthiazide,TAB,25MG
MONTELUKAST SODIUM,TAB,10MG
HYDROQUINONE,CRM,4%
CETIRIZINE HCL,SYRUP,1MG/ML
CLINDAM/BENZOYL,GEL,1-5%
TADALAFIL,TAB,20MG
AMOXICILLIN TRIHYDRATE,TAB,875MG
VENLAFAXINE HCL,CAP ER,75MG
TIMOLOL MALEATE,SOL,0.5%
lamoTRIgine,TAB,300MG
SPIRONOLACTONE,TAB,25MG
PROMETHAZINE DM,SOL,6.25-15MG/5ML
SERTRALINE HCL,TAB,50MG
MELOXICAM,TAB,7.5MG
clonazePAM,TAB,0.5MG
metroNIDAZOLE,GEL,0.75%
SODIUM CHLORIDE,SOL,0.9%
DICLOFENAC POTASSIUM,TAB,25MG
PROMETHAZINE CODIENE,SOL,6.25-10MG/5ML
"NORELGESTROMIN, ETHI",FILM,0.15-0.035MG/24
BETAMETHASONE DIPROP,CRM,0.05%
VARENICLINE TARTRATE,TAB,1MG
BROMPHENIRAMINE MALE,SOL,2-10-30MG/5ML
metroNIDAZOLE,CRM,0.75%
ANTACID CALCIUM CARBONATE TUMS,CHEW,500MG
NORETHINDRONE,TAB,0.35MG
LISINOPRIL,TAB,20MG
cycloSPORINE,EMUL,0.05%
KETOCONAZOLE,SHAMPOO,2%
RELISTOR,TAB,150MG
NANO 2ND GEN 4MM PEN,,
BENZONATATE,CAP,200MG
ADACEL,INJ,2-5-5-5-2.5-3LF
CELECOXIB,CAP,100MG
FENOFIBRATE,TAB,145MG
NADOLOL,10MG/ ML,SUPS
OXICONAZOLE NITRATE,CRM,1%
HYDROQUINONE,CRM,4%
oxyBUTYnin CHLORIDE,TAB,5MG
BD PEN ND UFII 31G,EA,
CAPSAICIN,CRM,0.025%
TRADJENTA,TAB,5MG
DUAVEE,TAB,0.45-20MG
VIAGRA,TAB,100MG
KETOCONAZOLE,CRM,2%
LINZESS,CAP,72MCG
BACLOFEN,TAB,10MG
DEXTROMETHORPHAN HYD,SOL,6.25-15MG/5ML
AMOXICILLIN/CLAVULAN,TAB,500MG-125MG
DIMETAPP CHILDRENS COLD/COUGH,SOL,1-5-2.5MG/5ML
HumaLOG KWIKPEN,INJ,100U/ML
TRETINOIN,CRM,0.1%
TRIAMCINOLONE ACETONIDE,PASTE,0.1%
SPRINTEC,TAB,250-35MCG
BROM/PSE/DM,SYR,2-10-30MG/5ML
CHILDREN'S ACETAMINO,LIQ,160MG/5ML
CLOTRIMAZOLE/BETAMETHASONE,CRM,1-0.05%
CHOLECALCIFEROL,TAB,2000IU
YAZ,TAB,3-0.02MG
IBUPROFEN,TAB,400MG
TESTOSTERONE CYPIONA,INJ,200MG/ML
OMEPRAZOLE,CAP,20MG
clonazePAM,TAB,2MG
predniSONE,TAB,10MG
AMITRIPTYLINE HYDROCHLORIDE,TAB,10MG
hydrOXYzine HCL,TAB,10MG
hydroCHLOROthiazide,TAB,12.5MG
levETIRAcetam,TAB,500MG
TRIAMCINOLONE ACETONIDE,CRM,0.1%
ATORVASTATIN CALCIUM,TAB,80MG
TM CLOTRIMAZOLE 1%,,
MOVANTIK,TAB,25MG
ZORYVE,CRM,0.3%
DOTTI (ESTRADIOL),FILM,0.05MG/24H
TRULANCE,TAB,3MG
AMPHETAMINE ASPARTAT,TAB,15MG
AMPHET SALT CMB,TAB,30MG
CANDESARTAN CILEXETI,TAB,16-12.5MG
AZITHROMYCIN,TAB,500MG
FAMOTIDINE,POW,40MG/5ML
QUEtiapine FUMARATE,TAB,50MG
metFORMIN HYDROCHLOR,TAB,750MG
GLIMEPIRIDE,TAB,1MG
ATORVASTATIN CALCIUM,TAB,40MG
GLIMEPIRIDE,TAB,4MG
GALLIFREY ( NORETHINDRONE ),TAB,5MG
GABAPENTIN,CAP,100MG
ESCITALOPRAM,TAB,10MG
AMCINONIDE,CRM,0.1%
metFORMIN HYDROCHLORIDE,TAB ER,500MG
PIMECROLIMUS,CRM,1%
ACETAMINOPHEN,LIQ,160MG/5ML
SEVELAMER CARBONATE,TAB,800MG
ACETAMINOPHEN,LIQ,160MG/5ML
NORETHINDRONE ACETATE,TAB,5MG
DESONIDE,CRM,0.05%
CLEARBLUE OVUL. EASY DIG(20),KIT***,
DESCOVY,TAB,200-25MG
VRAYLAR,CAP,1.5MG
ACCU-CHEK GUIDE ME K,,
lamoTRIgine,TAB,100MG
ATENOLOL,TAB,50MG
ERGOCALCIFEROL,CAP,1.25MG
MYCOPHENOLATE MOFETI,CAP,250MG
METOPROLOL SUCCINATE,TAB ER,100MG
VYVANSE,CAP,50MG
AURYXIA,TAB,210MG
ADDYI,TAB,100MG
VALSARTAN,TAB,80MG
FLUOCINONIDE,CRM,0.05%
BETAMETHASONE DP AUG,CRM,0.05%
CLINDAMYCIN PHOSPHATE,GEL,1%
PARoxetine HCL,TAB,10MG
BD SYR UFII 1CC 31 G,EA,
CALCIUM ACETATE,CAP,667MG
RETACRIT,INJ,10000U/ML
METOCLOPRAMIDE HCL,TAB,5MG
TEMAZEPAM,CAP,30MG
LINZESS,CAP,145MCG
LEVOTHYROXINE SODIUM,TAB,50MCG
ACETAMINOPHEN,TAB,500MG
valACYclovir HCL,TAB,1G
AIRSUPRA,AER,90-80MCG/ACTUAT
ALBUTEROL SULFATE,SOL,0.083%
CITALOPRAM,TAB,20MG
CETIRIZINE,TAB,10MG
DICYCLOMINE HYDROCHLORIDE,CAP,10MG
cloNIDine,TAB,0.1MG
CLINDAMYCIN PHOSPHATE,LOT,1%
METAXALONE,TAB,400MG
ROBITUSSIN COUGH AND,SOL,20-400MG/20ML
"FLUTICASONE PROPIONATE, SALMET",INH,250-50MCG
CETIRIZINE HYDROCHLO,SOL,1MG/ML
traZODone HCL,TAB,100MG
DEXTROAMPHETAMINE SULFATE,TAB,10MG
oxyCODONE HCL,TAB,5MG
cycloSPORINE,EMUL,0.05%
TRIAMCINOLONE ACETON,CRM,0.1%
PERMETHRIN,CRM,5%
CLOBETASOL PROPIONATE,CRM,0.05%
ESCITALOPRAM,TAB,5MG
TRETINOIN,CRM,0.05%
MUPIROCIN CALCIUM,CRM,2%
ISOSORBIDE MONONITRATE,TAB ER,30MG
IMVEXXY DO NOT USE,INSR,10MCG
ROSUVASTATIN 20MG,TABLET,20MG
ROSUVASTATIN CALCIUM,TAB,5MG
OMEPRAZOLE DR,CAP,20MG
SUMAtriptan SUCCINATE,TAB,100MG
OSPHENA,TAB,60MG
VYVANSE,CAP,30MG
OMEGA-3-ACID ETHYL E,CAP,465-375MG
ATENOLOL,TAB,25MG
AFLURIA QUAD 2023-20,INJ,15-15-15-15MCG/
CLOBETASOL PROPIONAT,SOL,0.05%
TRIAMCINOLONE ACETON,OINT,0.1%
CALCITRIOL,CAP,0.25MCG
busPIRone,TAB,10MG
DONEPEZIL HYDROCHLORIDE,TAB,10MG
ESCITALOPRAM,TAB,5MG
LOSARTAN POTASSIUM,TAB,50MG
VALSARTAN/HCTZ,TAB,160-12.5MG
AMPHET SALT CMB,ER CAP,10MG
MOMETASONE FUROATE,SOL,0.1%
HYDROCORTISONE,CRM,1%
ADAPALENE/BENZOYL PO,GEL,0.1-2.5%
SUMAtriptan SUCCINATE,TAB,100MG
RAMIPRIL,CAP,5MG
DICLOFENAC SODIUM,SOL,1.5%
DOXEPIN HYDROCHLORIDE,CAP,50MG
NAPROXEN,TAB,375MG
AZITHROMYCIN,TAB,250MG
TRIAMCINOLONE ACETONIDE,CRM,0.1%
PROPRANOLOL HCL,TAB,10MG
FENOFIBRATE,TAB,48MG
TESTOSTERONE CYPIONATE,INJ,200MG/ML
LORATADINE,TAB,10MG
TACROLIMUS,CAP,1MG
lamoTRIgine ODT,TAB,100MG
AMZEEQ,AER,4%
ALCOHOL SWABS*,,
CARVEDILOL,TAB,6.25MG
METOPROLOL TARTRATE,TAB,25MG
PROGESTERONE,CAP,100MG
SIMVASTATIN,TAB,20MG
"DORZOLAMIDE, TIMOLOL",SOL,2-0.5%
FOSINOPRIL SODIUM,TAB,40MG
PREGABALIN,CAP,75MG
NYSTATIN,PWD,100000U/G
PROGESTERONE,CAP,100MG
COLACE,CAP,100MG
PREGABALIN,CAP,50MG
metFORMIN HYDROCHLOR,TAB,500MG
SIMVASTATIN,TAB,40MG
AMLODIPINE/BENAZ,CAP,10-20MG
ROSUVASTATIN CALCIUM,TAB,20MG
MINOCYCLINE,CAP,100MG
CLOBETASOL PROPIONAT,SHAM,0.05%
ALENDRONATE SODIUM,TAB,70MG
clomiPHENE CITRATE,TAB,50MG
ESCITALOPRAM,TAB,10MG
metFORMIN HYDROCHLOR,TAB,1000MG
DOXYCYCLINE HYCLATE,CAP,100MG
SULFACET/SULFUR,SUSP,9.8-4.8%
OFLOXACIN,SOL,0.3%
MECLIZINE HCL,TAB,12.5MG
methylPREDNISolone,TAB,4MG
metFORMIN HCL,TAB ER,500MG
TAZAROTENE,CRM,0.1%
TERCONAZOLE,CRM,0.4%
FLUOCINOLONE ACETONIDE,OIL,0.01%
ADDERALL XR,CAP,20MG
ONDANSETRON HYDROCHLORIDE,SOL,4MG/5ML
LEVOTHYROXINE SODIUM,TAB,100MCG
MIRALAX,PWD,17G
hydrOXYzine HYDROCHLORIDE,TAB,25MG
TADALAFIL,TAB,5MG
ZOLPIDEM TARTRATE,TAB,5MG
ESCITALOPRAM,TAB,20MG
ESCITALOPRAM,TAB,5MG
FEXOFENADINE HYDROCH,TAB,180MG
ZOLPIDEM TARTRATE,TAB,10MG
ESTRADIOL,FILM ER,0.1MG/24H
JUNEL 1/20,TAB,1000-20MG
DESONIDE,CRM,0.05%
JARDIANCE,TAB,25MG
PREVNAR 20,INJ,2.2-2.2-2.2-4.4
MOUNJARO,INJ,15MG/0.5ML
KETOCONAZOLE,CRM,2%
NovoLOG MIX 70/30,INJ,70-30U/MU/ML
TRELEGY ELLIPTA,PWD,100-62.5-25MCG/
CITRANATAL ASSURE,CAP,120-124-0-30-30
AMPHET SALT CMB,TAB,5MG
SYMBICORT,INHA,80-4.5MCG
TRI-LUMA,CRM,0.01-4-0%
CLINDAMYCIN PHOSPHATE,GEL,1%
OXYCODONE/APAP,TAB,10-325MG
ALBUTEROL SULFATE,SOL,0.63MG/3ML
ORILISSA,TAB,200MG
LIDOCAINE,FILM,5%
JUNEL FE 1.5/30,TAB,1500-30MG
FERROUS GLUCONATE,TAB,324MG
VITAMIN B12,TAB,1000MCG
ENOXAPARIN SODIUM (PORCINE),INJ,40MG/0.4ML
CETIRIZINE HYDROCHLO,TAB,10MG
DEXCOM G7 RECEIVER,,
BUTALBITAL/APAP/CAFF,TAB,50-325-40MG
TESTOSTERONE,GEL,1%
CALCIPOTRIENE,CRM,0.005%
ATORVASTATIN CALCIUM,TAB,10MG
HYDROCODONE/APAP,TAB,5-325MG
SERTRALINE HYDROCHLORIDE,CAP,150MG
AMMONIUM LACTATE,LOT,12%
FOLITE TABLET,TAB,200-----50-100-
NIFEdipine,TAB ER,30MG
DEXLANSOPRAZOLE,CAP,30MG
PROGESTERONE,CAP,100MG
GLIMEPIRIDE,TAB,4MG
GLIMEPIRIDE,TAB,1MG
ONDANSETRON,TAB,4MG
SULFACETAMIDE/SULFUR,SOL,9-4%
ROSUVASTATIN CALCIUM,TAB,40MG
ALTRIXA VITAMIN TABLET,TAB,1.6-1.4-2.5-20-
MELOXICAM,TAB,7.5MG
FLUNISOLIDE,SPRY,25MCG/ACTUATION
oxyCODONE HYDROCHLORIDE,TAB,30MG
MORPHINE SULFATE,TAB ER,30MG
LOSARTAN/HCTZ,TAB,100-25MG
CLINDAMYCIN PHOSPHATE,GEL,1%
EPINEPHrine,INJ,0.3MG/DOSE
MOMETASONE FUROATE,SOL,0.1%
AMPHETAMINE ASPARTAT,TAB,20MG
LOSARTAN POTASSIUM,TAB,100MG
SPIRONOLACTONE,TAB,25MG
AMLODIPINE-BENAZEPRIL,CAP,5-40MG
LISINOPRIL,TAB,40MG
metFORMIN,TAB,500MG
EZETIMIBE,TAB,10MG
valACYclovir HYDROCH,TAB,1G
ALLOPURINOL,TAB,100MG
CELECOXIB,CAP,200MG
DROSPIRENONE/ESTR,TAB,3-0.03MG
PRAVASTATIN SODIUM,TAB,40MG
DICYCLOMINE HCL,TAB,20MG
CARVEDILOL,TAB,12.5MG
"AMPHETAMINE ASPARTATE, AMPHETA",TAB,10MG
ZORYVE 0.15% TOPICAL,CRM,0.15%
TRUE MULTIVITAMIN,TAB,30-20-2-400-1.5
TM CALCIUM VITAMIN D,TAB,600-10MG
TRUE FERROUS SULPHATE 324MG,TAB,65-324MG
CYCLOBENZAPRINE,TAB,5MG
clonazePAM,TAB,2MG
TELMISARTAN,TAB,40MG
METOPROLOL SUCCINATE,TAB,25MG
metFORMIN HYDROCHLOR,TAB,750MG ER
OLMESARTAN MEDOXOMIL,TAB,20MG
LORATADINE,TAB,10MG
ERGOCALCIFEROL,CAP,1.25MG
OSELTAMIVIR PHOSPHAT,CAP,75MG
DOXYCYCLINE MONOHYDRATE,CAP,100MG
BENZONATATE,CAP,200MG
ALPRAZolam,TAB,2MG
AMPHETAMINE SALT CMB,TAB,12.5MG
prednisoLONE ACETATE,SUSP,1%
VARENICLINE TARTRATE,TAB,0.5MG
HYDROCORTISONE,LOT,2.5%
SPS,SUS,15GM/60ML
OVIDREL,INJ,250MCG/0.5ML
GABAPENTIN,CAP,100MG
LOSARTAN POTASSIUM,TAB,50MG
PRENATAL PLUS,TAB,120-0-200-22-27
CALCIUM 600 MG + D3 20 MCG,,(400 IU)
LEVOTHYROXINE SODIUM,TAB,125MCG
MEMANTINE,TAB,10MG
SULFAMETHOXAZOLE-TMP,TB,400-80MG
CEFDINIR,CAP,300MG
REPAGLINIDE,TAB,1MG
GLIMEPIRIDE,TAB,2MG
CHOLECALCIFEROL,TAB,1000IU
FERROUS SULFATE,ELX,220MG/5ML
medroxyPROGESTERone,INJ,150MG/ML
ALPRAZolam,TAB,1MG
ANNOVERA,SUPP,0.15-0.013MG/24
ACCU-CHEK SOFTCLIX LANCET,EA,
CABERGOLINE,TAB,0.5MG
XARELTO,TAB,20MG
GLIMEPIRIDE,TAB,2MG
AMOXICILLIN/CLAVULAN,TAB,875-125MG
"ADAPALENE, BENZOYL P",GEL,0.1-2.5%
LEVOTHYROXINE SODIUM,TAB,125MCG
PHENTERMINE HCL,TAB,37.5MG
ZOLPIDEM TARTRATE,TAB,10MG
SENNA-TABS,TAB,8.6MG
NYSTATIN,CRM,100000U/G
ACETAMINOPHEN,TAB,500MG
BISACODYL,TAB,5MG
AMITRIPTYLINE HCL,TAB,25MG
"TOBRAMYCIN, DEXAMETH",SUSP,0.3-0.1%
SIMBRINZA,SUSP,1-0.2%
PREMARIN,TAB,0.625MG
TRULICITY,INJ,3MG/0.5ML
JANUMET,TAB,50-1000MG
JANUVIA,TAB,100MG
HYDROCORTISONE,CRM,2.5%
ESTRADIOL,CRM,0.01%
SODIUM CHLORIDE,SOL,0.9%
METOPROLOL SUCCINATE,TAB ER,100MG
NAMZARIC,CAP,28-10MG
MYRBETRIQ,TAB ER,50MG
LISDEXAMFETAMINE DIM,CAP,30MG
CLINDAMYCIN/BENZOYL,GEL,1-5%
TRELEGY ELLIPTA,PWD,200-62.5-25MCG/
DIFFERIN OTC,GEL**,0.1%
MIDODRINE HYDROCHLORIDE,TAB,5MG
AYR SALINE NASAL,DROP,0.65%
CONTOUR NEXT TEST STRIP,EA,
BRILINTA,TAB,60MG
LACTULOSE,SOL,10G/15ML
GARDASIL 9,INJ,30-40-60-40-20-
NICOTROL,SPRY,0.5MG/ACTUATION
ATROVENT,AER,17MCG/ACTUATION
MOMETASONE FUROATE,CRM,0.1%
JUNEL 1.5/30,TAB,1500-30MG
MEGESTROL ACETATE,TAB,20MG
OYSTER SHELL CALCIUM,TAB,500MG
AMMONIUM LACTATE,CRM,12%
MINOCYCLINE HCL,CAP,100MG
ROSUVASTATIN CALCIUM,TAB,10MG
metroNIDAZOLE,GEL,0.75%
CLIMARA PRO,FILM ER,0.045-0.MG/24H
DAPSONE,GEL,5%
TRETINOIN,CRM,0.1%
MINOXIDIL,TAB,2.5MG
CHOLECALCIFEROL,DROP,400IU/ML
cloNIDine HCL,TAB,0.1MG
MULTIVIT/FLUOR 1MG C,CHEW,-1.05-300---15-
IBUPROFEN,TAB,800MG
ALLOPURINOL,TAB,300MG
PIOGLITAZONE HYDROCHLORIDE,TAB,45MG
TRIAMCINOLONE ACETON,CRM,0.1%
ESZOPICLONE,TAB,2MG
BENZOYL PEROXIDE,SUSP,10%
CALCIUM / VIT D,TAB,600-800IU
SULFACETAMIDE/SULFUR,SUSP,8-4%
FAMOTIDINE,TAB,40MG
buPROPion HCL,TAB,100MG
BENAZEPRIL HYDROCHLO,TAB,10MG
lamoTRIgine,TAB,100MG
DULoxetine,CAP,30MG
TELMISARTAN/HCTZ,TAB,40-12.5MG
VALSARTAN,TAB,320MG
TELMISARTAN,TAB,40MG
AZITHROMYCIN,PWD,200MG/5ML
AMPHET SALT CMB,TB,15MG
CLOBETASOL PROPIONATE,SHAMPOO,0.05%
POLYETHYLENE GLYCOL 3350,PWD,17G
ASPIRIN,TAB,81MG
CHILDREN'S ACETAMINOPHEN,SUSP,160MG/5ML
BETAMETHASONE DIPROP,OINT,0.05%
VENLAFAXINE HCL,CP ER,75MG
AMOXICILLIN,CAP,500MG
ROSUVASTATIN CALCIUM,TAB,40MG
SIMVASTATIN,TAB,10MG
TELMISARTAN,TAB,20MG
SERTRALINE HYDROCHLORIDE,TAB,50MG
CALCIPOTRIENE,OINT,0.005%
QUEtiapine FUMARATE,TAB,100MG
WESCAP-PN DHA SOFTGEL,CAP,330-140-400-25-
PREGABALIN,CAP,50MG
CYCLOBENZAPRINE,TAB,10MG
CYCLOBENZAPRINE HYDR,TAB,10MG
FENOFIBRATE,TAB,145MG
VENLAFAXINE HYDROCHL,CAP,75MG
FLUAD TRIVALENT,INJ,15-15-15MCG/0.5
LABETALOL HYDROCHLORIDE,TAB,100MG
ROSUVASTATIN CALCIUM,TAB,40MG
ACETAMINOPHEN/CODEINE,TB,300-30MG
FLECTOR,FILM,1.3%
RHOFADE,CRM,1%
PRAZOSIN,CAP,1MG
NAPROXEN,SUSP,125MG/5ML
FENOFIBRATE,TAB,160MG
GEMTESA,TAB,75MG
ALBUTEROL SULFATE,SOL,0.63MG/3ML
PROPRANOLOL HYDROCHL,TAB,10MG
SPIKEVAX 50MCG/0.5ML,INJ,50MCG/0.5ML
HEALTHSENSE BP MONITOR ***,,
CLOTRIMAZOLE,,
ROSUVASTATIN CALCIUM,TAB,40MG
TACROLIMUS,CAP,0.5MG
LISDEXAMFETAMINE DIM,CAP,40MG
COMBIPATCH,FILM ER,0.05-0.14MG/24H
POTASSIUM CHLORIDE,TAB ER,20MEQ
ESTRADIOL,INSR,10MCG
ESTRADIOL,INSR,10MCG
GABAPENTIN,TAB,800MG
amLODIPine BESYLATE,TAB,2.5MG
FLUTICASONE PROPIONA,AER,44MCG/ACTUATION
OSELTAMIVIR PHOSPHAT,PWD,6MG/ML
AZITHROMYCIN,TAB,500MG
CICLOPIROX OLAMINE,CRM,0.77%
DOXYCYCLINE MONOHYDRATE,CAP,100MG
CARVEDILOL,TAB,12.5MG
CLOPIDOGREL BISULFATE,TAB,75MG
LATANOPROST,SOL,0.005%
metFORMIN HYDROCHLORIDE,TAB,1000MG
NEOMYCIN/POLYMYX/HC,SUS,3.5-10000-1MG-U
POLYMYXIN B-TRIM,SOL,10000-1U
ALBUTEROL SULFATE,SOL,0.083%
NALTREXONE HYDROCHLORIDE,TAB,50MG
AMPHETAMINE ASPARTAT,TAB,30MG
VITAMIN D3,CAP,2000IU
BENZONATATE,CAP,100MG
QUEtiapine FUMARATE,TAB,25MG
EZETIMIBE,TAB,10MG
FAMOTIDINE,TAB,20MG
GLIMEPIRIDE,TAB,2MG
GUAIFENESINE DM,,100-10/5
hydrOXYzine HYDROCHL,TAB,10MG
predniSONE,TAB,10MG
LANCETS*****,,
BROMPHEN/PSEUDOEP/DM,SYRU,2-30-10MG/5ML
UREA,CRM,40%
ONETOUCH DELICA + LA,,
metroNIDAZOLE,GEL,0.75%
CICLOPIROX OLAMINE,CRM,0.77%
AZITHROMYCIN,TAB,500MG
NAPROXEN,TAB,500MG
NATAZIA,TAB,1-2-3-1-2-3-2-3
hydroCHLOROthiazide,CAP,12.5MG
VITAMIN D3 25MCG,,
AMITRIPTYLINE HYDROC,TAB,25MG
MONTELUKAST SODIUM,TAB,10MG
KERALYT,SHAMPOO,6%
EX-LAX,TAB,25MG
AZITHROMYCIN,TAB,250MG
FOLIC ACID (VITAMIN B9),TAB,0.4MG
PODOFILOX,SOL,0.5%
ORALYTE ELECTROLYTE,SOL,2.8-280-440-9MC
MECLIZINE,TAB,12.5MG
buPROPion HCL,TAB ER,150MG
SYNJARDY XR,TAB ER,10-1000MG
INSULIN LISPRO,INJ,100U/ML
AMPHET SALT CMB,CAP ER,30MG
BUDESONIDE,SUSP,0.5MG/2ML
PEDIALYTE SOLUTION,SOL,
ARNUITY ELLIPTA,INH,100MCG/ACTUATIO
TRETINOIN,CRM,0.025%
FARXIGA,TAB,10MG
UREA 20 CREAM,,
oxyCODONE HYDROCHLORIDE,TAB,30MG
METOPROLOL/HYDROCHLO,TAB,100-25MG
TELMISARTAN,TAB,40MG
CLINDAMYCIN PHOSPHATE,GEL,1%
CLINDAMYCIN PHOSPHATE,CRM,2%
hydrOXYzine PAMOATE,CAP,25MG
GOODSENSE NICOTINE 2MG,,
JANUMET XR,TAB,50-1000MG
KETOCONAZOLE,SHAM,2%
NUVESSA,GEL,1.3%
BENZTROPINE MESYLATE,TAB,0.5MG
GLUCAGON HYDROCHLORIDE,INJ,1MG
LESSINA,TAB,0.1-0.02MG
BROMOCRIPTINE,TAB,2.5MG
BICALUTAMIDE,TAB,50MG
DIMAPHEN DM,SOL,1-5-2.5MG/5ML
VITAMIN B COMPLEX,CAP,
METHYLPHENIDATE,TAB ER,20MG
MIRTAZAPINE,TAB,7.5MG
PANTOPRAZOLE SODIUM,TAB,40MG
NYSTATIN,CRM,100000U/G
TACROLIMUS,OINT,0.03%
CLINDAMYCIN PHOSPHATE,GEL,1%
MINOXIDIL,TAB,2.5MG
ALCOHOL SWABS,,
EASY COMFORT,PEN NEEDLES****,
AZELAIC ACID,GEL,15%
NORTRIPTYLINE HCL,CP,25MG
MYDAYIS,CAP ER,50
SEMAGLUTIDE INJECTION,,
DEXTROAMPHETAMINE SULFATE,TAB,10MG
predniSONE,TAB,20MG
buPROPion HYDROCHLOR,TAB,75MG
LIDOCAINE,FILM ER,5%
SUMAtriptan SUCCINATE,TAB,50MG
SUMAtriptan SUCCINATE,TAB,50MG
IBUPROFEN,TAB,800MG
TRUE METRIX GLUCOSE TEST STRIP,,
FREESTYLE LIBRE 2 RE,,
tiZANidine HCL,TAB,4MG
LOSARTAN POTASSIUM,TAB,100MG
buPROPion,TAB,100MG
VALSARTAN,TAB,160MG
LEVOTHYROXINE SODIUM,TAB,150MCG
TOPIRAMATE,TAB,25MG
SERTRALINE HYDROCHLO,TAB,50MG
ENALAPRIL MALEATE,TAB,5MG
MYCOPHENOLATE MOFETI,TAB,500MG
DICLOFENAC POTASSIUM,CAP,25MG
IVERMECTIN,TAB,3MG
LISINOPRIL,TAB,5MG
NICOTINE,FILM ER,14MG/24H
HYDROCORTISONE,LOT,2.5%
VITAMIN D,DROP,400--IU/0.05ML
TAZAROTENE,CRM,0.05%
CICLOPIROX OLAMINE,SOL,8%
prednisoLONE ACETATE,SUSP,1%
FLUOROMETHOLONE,SUSP,0.1%
MENEST,TAB,0.625MG
MUCINEX,TAB ER,600MG
predniSONE,TAB,50MG
ONDANSETRON,SOL,4MG/5ML
OFLOXACIN,SOL,0.3%
TRINTELLIX,TAB,5MG
GABAPENTIN,TAB,800MG
CIPROFLOXACIN HCL,TAB,500MG
ONDANSETRON,TAB,8MG
SPIRONOLACTONE,TAB,100MG
ROSUVASTATIN CALCIUM,TAB,20MG
NAPROXEN,TAB,500MG
SILVER sulfADIAZINE,CRM,1%
medroxyPROGESTERone,INJ,150MG/ML
ARIPiprazole,TAB,5MG
LOPERAMIDE HYDROCHLORIDE,CAP,2MG
"IPRATROPIUM BROMIDE, ALBUTEROL",SOL,0.5-3MG/3ML
IMIQUIMOD,CRM,5%
buPROPion HYDROCHLOR,TAB,300MG
IPRATROPIUM/ALBUTE,SOL,0.5-3%
LOSARTAN POTASSIUM,TAB,25MG
METHOCARBAMOL,TAB,750MG
ESOMEPRAZOLE MAGNESIUM,CAP,40MG
CHOLECALCIFEROL,DROP,400IU/ML
SIMETHICONE,CHEW,80MG
SOLOSEC,GRN,2G
lamoTRIgine,TAB,25MG
AMPHETAMINE ASPARTAT,CAP,5MG
PEN NEEDLES,,
WELLFOLA TABLET,TAB,25-0.013-1-80-6
OSELTAMIVIR PHOSPHATE,CAP,75MG
DICYCLOMINE HYDROCHL,TAB,20MG
METOPROLOL SUCCINATE,TAB,25MG
TRETINOIN,CRM,0.1%
VITAMIN D 2000 UNIT,,
XACIATO,GEL,2%
FLORESTA (PROBIOTIC),CAP,10000000000CFU
cycloSPORINE,EMUL,0.05%
MYCOPHENOLATE MOFETI,CAP,250MG
COMFORT TCH MIS LANC 30G,,
TAMSULOSIN HYDROCHLO,CAP,0.4MG
IPRATROP/ALBUT,SOL,0.5-3MG
FOLIC ACID (VITAMIN,TAB,1MG
PRAZOSIN,CAP,2MG
ROSUVASTATIN CALCIUM,TAB,20MG
OSELTAMIVIR PHOSPHAT,PWD,6MG/ML
MI-ACID,SUSP,800-800-80MG/10
IBUPROFEN,TAB,600MG
TELMISARTAN,TAB,40MG
LIDOCAINE,OINT,5%
PARoxetine HYDROCHLORIDE,TAB,30MG
FLUCONAZOLE,TAB,150MG
PARoxetine HYDROCHLORIDE,TAB,40MG
FLUOCINOLONE ACETONIDE,OIL,0.01%
CYPROHEPTADINE,SOL,2MG/5ML
ACYCLOVIR,OINT,5%
PHENAZOPYRIDINE,TAB,200MG
YUVAFEM,INSR,10MCG
XIFAXAN,TAB,550MG
"OMEPRAZOLE, SODIUM B",PWD,40-1680MG
"ACETAMINOPHEN, CODEI",TAB,300-30MG
FLUOCINOLONE ACETONI,CRM,0.01%
buPROPion HYDROCHLOR,TAB,100MG
BACITRACIN,ONT,500U/GM
CLOBETASOL PROPIONATE,FOAM,0.05%
NYSTATIN,OINT,100000U/G
clonazePAM,TAB,1MG
metFORMIN HYDROCHLOR,TAB,500MG
BIMATOPROST,SOL,0.03%
metFORMIN HCL,TAB,500MG
FLUOCINONIDE,SOL,0.05%
busPIRone HYDROCHLOR,TAB,15MG
methIMAzole,TAB,5MG
LISINOPRIL,TAB,10MG
LISINOPRIL,TAB,20MG
TOPIRAMATE,TAB,200MG
hydrALAZINE HYDROCHLORIDE,TAB,50MG
GABAPENTIN,CAP,100MG
RANOLAZINE,TAB,1000MG
ENGERIX-B,INJ,20MCG/ML
SULFACETAMIDE SODIUM,SUSP,10%
NIACIN (VITAMIN B3),TAB,500MG
CHOLECALCIFEROL,CAP,50000IU
TRETINOIN,CRM,0.1%
CLOTRIMAZOLE/BETAMET,CRM,1-0.05%
IBUPROFEN,SUSP,100MG/5ML
CLOTRIMAZOLE,CRM,1%
CLOTRIMAZOLE,CRM,1%
ENSTILAR FOAM,FOAM,0.005-0.064%
DENTA 5000 PLUS,PAST,1.1%
TRETINOIN,CRM,0.05%
ROSUVASTATIN CALCIUM,TAB,40MG
oxyCODONE,TAB,20MG
BIMATOPROST,SOL,0.03%
ESTRADIOL,FILM ER,0.0375MG/24H
NYAMYC,PWD,100000U/G
LIDOCAINE,CRM,4%
VITAFOL-OB + DHA,TAB,2-18-70-250-20-
TRETINOIN,CRM,0.1%
TRETINOIN,CRM,0.05%
JANUVIA,TAB,50MG
JANUVIA,TAB,25MG
AMOXICILLIN,SPN,400MG/5ML
SYNTHROID,TAB,75MCG
Os-Cal 500 + D,TAB,500-200IU
clonazePAM,TAB,1MG
hydrOXYzine PAMOATE,CAP,50MG
ARAZLO,LOT,0.045%
ERTACZO ( SERTACONAZOLE),CRM,2%
cloNIDine HCL,TAB,0.1MG
TELMISARTAN,TAB,80MG
TELMISARTAN/AMLODIPI,TAB,40-5MG
AMPHETAMINE ASPARTAT,CAP,20MG
TRETINOIN,CRM,0.025%
LIRAGLUTIDE,INJ,18MG/3ML
BENZOYL PEROXID,GEL,5%
LEVOTHYROXINE SODIUM,TAB,125MCG
VALSARTAN/HCTZ,TAB,160-25MG
LISDEXAMFETAMINE DIM,CAP,70MG
LISDEXAMFETAMINE DIM,CAP,20MG
JUBLIA,SOL,10%
NORTRIPTYLINE,CAP,25MG
ENTRESTO,TAB,97-103MG
AMOXICILLIN,SPN,250MG/5ML
PREVIDENT 5000 BOOSTER PLUS,GEL,1.1%
VALPROIC ACID,SOL,250MG/5ML
BROM/PSEUD/DM,SYR,2-30-10MG/5ML
CHLORHEXIDINE GLUCONATE,SOL,0.12%
guaiFENesin,SOL,100MG/5ML
INSULIN LISPRO,INJ,100U/ML
FLUTICASONE PROPIONA,INH,500-50MCG/ACTUA
TRADJENTA,TAB,5MG
MAGNESIUM,TAB,241.3MG
LIDOCAINE,CRM,4%
NICOTINE POLACRILEX,LOZ,2MG
NEPHRO-VITE TABLET,TAB,1.5-1.7-60-36-2
hydrOXYzine PAMOATE,CAP,50MG
NICOTINE,FILM ER,21MG/24H
ESTRADIOL,FILM ER,0.05MG/24H
ZOLPIDEM TARTRATE,TAB,5MG
MELATONIN,TAB,5MG
SORE THROAT LOZENGES,LOZE,15MG
OPTICHAMBER/MASK,EA,MD
oxyCODONE HCL,TAB,10MG
DOCUSATE SODIUM,,100MG
ASPIRIN,TAB,81MG
MIRTAZAPINE,TAB,15MG
HYDROCORTISONE ACETA,SUPP,25MG
MECLIZINE HCL,CAPLETS,12.5 MG
CELECOXIB,CAP,200MG
dilTIAZem HYDROCHLOR,TAB,30MG
CLOTRIMAZOLE,CRM,1%
AZITHROMYCIN,TAB,250MG
CLINDAMYCIN/BPO,GEL,1-5%
MYDAYIS,CAP ER,25MG
DELICA PLUS LANCING,,
RYALTRIS,SPRY,665-25MCG/ACTUA
CIPROFLOXACIN,TAB,500MG
methylPREDNISolone,TAB,4MG
"LOSARTAN POTASSIUM, HYDROCHLOR",TAB,100-25MG
ONDANSETRON,TAB,8MG
DULoxetine,CAP,20MG
GLIMEPIRIDE,TAB,1MG
tiZANidine HCL,TAB,2MG
ESOMEPRAZOLE MAGNESIUM,CAP,40MG
FENOFIBRATE,TAB,48MG
ATORVASTATIN CALCIUM,TAB,10MG
SULFACETAMIDE/SULFUR,SOL,9-4.5%
busPIRone HCL,TAB,10MG
SILDENAFIL CITRATE,TAB,50MG
PROMETHAZINE HCL,SOL,6.25MG/5ML
metFORMIN HYDROCHLOR,TAB,850MG
TADALAFIL,TAB,20MG
ECONAZOLE NITRATE,CRM,1%
BENZOYL PEROXIDE,SUSP,5%
FLUTICASONE PROPIONATE,CRM,0.05%
CLINDAMYCIN PHOSPHATE,GEL,1%
VRAYLAR,CAP,4.5MG
NEOMYCIN/POLYMYXIN/D,SUSP,0.1-0.35U/ML
TAMSULOSIN HYDROCHLORIDE,CAP,0.4MG
CIPROFLOXACIN HYDROC,SUSP,0.3-0.1%
TELMISARTAN,TAB,40MG
SOLIFENACIN SUCCINAT,TAB,10MG
PREGABALIN,CAP,75MG
IBUPROFEN,TAB,800MG
OLMESARTAN/HCTZ,TAB,40-12.5MG
IRON,CAP,150----------MG
FLUoxetine HCL,CAP,10MG
ICOSAPENT ETHYL,CAP,1G
CLEAR EYES,DROP,0.5-0.6%
ATORVASTATIN CALCIUM,TAB,80MG
ISIBLOOM,TAB,0.15-0.03MG
OSELTAMIVIR PHOSPHATE,CAP,75MG
DIGOXIN,TAB,0.25MG
FAMOTIDINE,TAB,40MG
BALSALAZIDE DISODIUM,CAP,750MG
MULTIVITAMIN / FLUORIDE 1 MG,CHEWABLE TABLET,
BALCOTRA,TAB,36.5-0.1-0.02MG
CALCIUM/VITAMIN D3 1000-800IU,,
GABARONE ( GABAPENTIN),TAB,100MG
KETOTIFEN,SOL,0.025%
SEMGLEE 100UNITS/ML,INJ,100U/ML
FOLIC ACID,TABLET,400 MCG
CALCIUM,TAB,500MG
GUTVITE PROBIOTIC CA,CAP,10000000000CFU
VITAMIN C,,1000 MG
MAGIC MOUTHWASH,,
DICLOFENAC POTASSIUM,TAB,50MG
HOR NEBULIZER,,
INSULIN DEGLUDEC,INJ,200U/ML
ZINC OXIDE,OINT,20%
CHLORTHALIDONE,TAB,25MG
CYPROHEPTADINE HYDRO,TAB,4MG
OFLOXACIN,SOL,0.3%
KETOCONAZOLE,SHAM,2%
CELECOXIB,CAP,200MG
glyBURIDE,TAB,5MG
BIMATOPROST,SOL,0.03%
"SACUBITRIL, VALSARTA",TAB,97-103MG
MULTIVITAMIN TABLET (BENTIVITE,TAB,35-1MG
BRIMONIDINE TARTRATE,SOL,0.2-0.5%
PROPRANOLOL HYDROCHL,TAB,20MG
URSODIOL,CAP,300MG
FOLIC ACID (VITAMIN B9),TAB,1MG
GABAPENTIN,CAP,100MG
ALENDRONATE SODIUM,TAB,35MG
PIMECROLIMUS,CRM,1%
diphenhydrAMINE HCL,CAP,50MG
TRI-MILI,TAB,0.18-0.215-0.25
ROSUVASTATIN CALCIUM,TAB,5MG
CARVEDILOL,TAB,3.125MG
CLINDAMYCIN,CAP,300MG
methylPREDNISolone,TAB,4MG
MELOXICAM,TAB,7.5MG
LEVOTHYROXINE SODIUM,TAB,50MCG
LUBIPROSTONE,CAP,24MCG
GABAPENTIN,TAB,600MG
HYDROCORTISONE,CRM,1%
DESONIDE,CRM,0.05%
MUCINEX DM,TAB ER,30-600MG
MULTIVITAMIN WITH FLUORIDE,SOL,0.5ML
OMEGA-3-ACID ETHYL EST,CAP,465-375MG
NAPROXEN,TAB,500MG
MECLIZINE HYDROCHLORIDE,TAB,25MG
PHENAZOPYRIDINE HYDROCHLORIDE,TAB,100MG
ATENOLOL,TAB,25MG
VENLAFAXINE HCL,CAP ER,37.5MG
PANTOPRAZOLE SODIUM,TAB,40MG
OMEPRAZOLE,TAB,20MG
"NYSTATIN, TRIAMCINOLONE ACETON",OINT,100000-0.1%
HYDROCORTISONE/PRAMO,CRM,1-1%
TRIAMCINOLONE ACETONIDE,CRM,0.025%
AMPHETAMINE ASPARTAT,CAP,20MG
VALSARTAN/HCTZ,TAB,160-25MG
oxyCODONE HYDROCHLORIDE,TAB,15MG
BIMATOPROST,SOL,0.03%
TELMISARTAN,TAB,20MG
TADALAFIL,TAB,5MG
AZITHROMYCIN,PWD,100MG/5ML
hydrALAZINE HYDROCHL,TAB,100MG
GLIPIZIDE/METFORMIN,TAB,5-500MG
hydrALAZINE HCL,TAB,100MG
TORSEMIDE,TAB,20MG
levETIRAcetam,TAB,1000MG
metFORMIN HCL,TAB ER,500MG
guanFACINE HYDROCHLO,TAB,1MG
ARIPiprazole,TAB,5MG
NEOMYCIN-POLYMYXIN-D,SUSP,0.1-0.35U/ML
TADALAFIL,TAB,5MG
busPIRone HYDROCHLOR,TAB,5MG
BENZOYL PEROXIDE,SUSP,10%
TORSEMIDE,TAB,20MG
DUTASTERIDE,CAP,0.5MG
oxyCODONE/APAP,TAB,10-325MG
FLUCONAZOLE,,150mg
ONDANSETRON HYDROCHLORIDE,TAB,4MG
TESTOSTERONE CYPIONA,INJ,1000MG/10ML
MIRTAZAPINE,TAB,15MG
valACYclovir HYDROCHLORIDE,TAB,500MG
valACYclovir HYDROCHLORIDE,TAB,500MG
MULTIVIT/FLUOR 0.25M,CHEW,1.2-15--0.25-1.
AREXVY,INJ,
miSOPROStol,TAB,200MCG
NITROGLYCERIN,TAB,0.4MG
CLOBETASOL PROPIONAT,OINT,0.05%
buPROPion HCL,TAB,100MG
PROAIR RESPICLICK,AER,117MCG/INH
LABETALOL HYDROCHLOR,TAB,100MG
SYMPROIC 0.2MG TABLE,TAB,0.2MG
VYVANSE,CAP,10MG
FLORIVA,CHEW,75-1000-40-20-6
BISOPROLOL FUMARATE,TAB,2.5MG
HYDROCODONE/APAP,TAB,10-325MG
ENALAPRIL MAL/HCTZ,TAB,10-25MG
ANASTROZOLE,TAB,1MG
buPROPion HCL,TAB ER,300MG
hydrOXYzine HYDROCHL,TAB,10MG
traMADol HCL,TAB,50MG
GABAPENTIN,CAPSULES,400
CLOPIDOGREL BISULFAT,TAB,75MG
PROGESTERONE,CAP,200MG
KETOCONAZOLE,CRM,2%
DICLOFENAC SODIUM,GEL,1%
CICLOPIROX OLAMINE,SOL,8%
MYCOPHENOLATE MOFETIL,CAP,250MG
CALCIUM CARBONATE,TABLET,600 MG
ROSUVASTATIN CALCIUM,TAB,5MG
DEXTROAMPHETAMINE SULFATE,TAB,5MG
oxyCODONE-APAP,TAB,10-325MG
NEBULIZER MACHINE **,,
DEXCOMM G6 TRANSMITTER,,
IBUPROFEN,TAB,200MG
FISH OIL,CAP,1000-180-120-30
CRANBERRY POWDER/EXTRACT,CAP,250MG
ALPRAZolam,TAB,0.25MG
ESTRADIOL,FILM ER,0.0375MG/24H
OYSTER SHELL CALCIUM,TAB,500-200MG-IU
PYRIDOXINE (VITAMIN B6),TAB,25MG
VITAFOL GUMMIES,CHEW,0-0-75-10-0-14.
DUPIXENT,INJ,100MG/0.67ML
ORIAHNN,CAP,300-1-0.5MG
POLY-VI-SOL WITH IRON,DROP,35-400-5-50-150
ESTRADIOL,TAB,10MCG
RYBELSUS,TAB,7MG
WIXELA INHUB,INH,250-50MCG/ACTUA
ALBUTEROL SULFATE,SOL,0.083%
FARXIGA,TAB,5MG
AMPHET SALT CMB,TAB,15MG
METHYLPHENIDATE HCL,TAB,20MG
oxyCODONE HYDROCHLORIDE,TAB,20MG
OXYCODONE/APAP,TAB,7.5-325MG
SODIUM CHLORIDE,SOL,0.9%
ALBUTEROL SULFATE,SOL,0.083%
LISDEXAMFETAMINE DIM,CAP,40MG
CLOBETASOL E PROPION,ECRM,0.05%
CLOBETASOL PROPIONATE,CRM,0.05%
LOKELMA,PWD,5G
BUMETANIDE,TAB,1MG
FLUOCINONIDE,CRM,0.05%
prednisoLONE,SOL,15MG/5ML
AMPHET MIXED SALT,CAP ER,10MG
predniSONE,TAB,5MG
SYSTANE,DROP,0.4-0.3%
MOUNJARO,INJ,15MG/0.5ML
MINOXIDIL,TAB,2.5MG
PIMECROLIMUS,CRM,1%
"LIDOCAINE, PRILOCAIN",CRM,2.5-2.5%
BENZOYL PEROXIDE,SUSP,5%
ESTRADIOL,FILM ER,0.05MG/24H
TACROLIMUS,CAP,0.5MG
TACROLIMUS,CAP,1MG
ALPRAZolam,TAB,0.5MG
"DROSPIRENONE, ETHINYL ESTRADIO",TAB,3-0.451-0.03-0.
FERROUS SULFATE 325 MG TABLET,,325
MAGNESIUM OXIDE,TAB**,400 MG
AMPHET SALT CMB,TAB,30MG
CYANOCOBALAMIN (VITAMIN B12),TAB,50MCG
TRINATAL RX 1 TAB,TAB,80-400-30-200-1
CITALOPRAM HYDROBROMIDE,TAB,20MG
SPIRONOLACTONE,TAB,25MG
MUPIROCIN,OINT,2%
L-CARNITINE,TAB,330MG
TRETINOIN CREAM 0.05%,,
ZOLPIDEM TARTRATE,TAB,10MG
ACYCLOVIR,OINT,5%
MELATONIN,TAB,3MG
IMVEXXY,INSR,4MCG
CLOBETASOL PROPIONATE,OINT,0.05%
CLEAR EYES,DROP,0.5-0.6%
NORETHINDRONE ACETAT,TAB,5MG
CLINDAMYCIN PHOSPHATE,SOL,1%
FLUOROURACIL,CRM,5%
TERBINAFINE,CRM,1%
CICLOPIROX SHAMPOO,SHA,1%
OXICONAZOLE NITRATE,CRM,1%
guanFACINE HCL,TAB,1MG
ONETOUCH ULTRASOFT LANCET,EA,
ONETOUCH VERIO FLEX,,
FLUOROMETHOLONE,SUSP,0.1%
glipiZIDE,TAB,2.5MG ER
glipiZIDE,TAB ER,5MG
MOMETASONE FUROATE M,SPRY,50MCG/ACTUATION
CYCLOBENZAPRINE HYDR,TAB,7.5MG
valACYclovir HYDROCHLORIDE,TAB,500MG
carBAMazepine ER,TAB,100MG
hydroCHLOROthiazide,CAP,12.5MG
TRUE METRIX GLUCOSE TEST STRIP,,
CALCIUM-VITAMIN D,TAB,500-400IU
LOSARTAN/HCTZ,TAB,100-25MG
SILDENAFIL CITRATE,TAB,50MG
TRIAMCINOLONE ACETON,OINT,0.1%
REPAGLINIDE,TAB,2MG
FAMCICLOVIR,TAB,500MG
DEBROX OTIC,SOL,6.5%
SULFACETAMIDE/SULFUR,CRM,10-2%
PROBIOTIC ADVANCED,CAPS,
lamoTRIgine,TAB,200MG
oxyBUTYnin CHLORIDE,TAB ER,5MG
HYDROCODONE/ACETAMIN,TAB,5-325MG
ROSUVASTATIN CALCIUM,TAB,40MG
TRIAMCINOLONE ACETONIDE,OINT,0.05%
buPROPion HYDROCHLORIDE,TAB,75MG
hydrALAZINE HYDROCHL,TAB,25MG
ENALAPRIL MALEATE,TAB,5MG
GENADUR,SOL,0-0-0-0-0-0
SSD,CRM,1%
DOXYCYCLINE MONOHYDR,CAP,40MG
TOLTERODINE TARTRATE,CAP,4MG
OLOPATADINE HYDROCHLORIDE,SPRY,665MCG/ACTUATIO
AMMONIUM LACTATE,CRM,12%
"ADAPALENE, BENZOYL P",GEL,0.3-2.5%
FLUZONE 2024-2025 PF,INJ,60-60-60MCG/0.5
VITAMIN B COMPLEX CAPLET,TAB,300-6-400-15-50
PANTOPRAZOLE SODIUM,TAB,20MG
BENAZEPRIL HYDROCHLORIDE,TAB,20MG
FUROSEMIDE,TAB,20MG
DOTTI,FILM,0.0375MG/24H
LISDEXAMFETAMINE DIM,CAP,30MG
LISDEXAMFETAMINE DIM,CAP,40MG
DICLOFENAC SODIUM,TAB,50MG
hydrALAZINE HYDROCHL,TAB,50MG
"DORZOLAMIDE, TIMOLOL",SOL,2-0.5%
MORPHINE SULFATE,TAB ER,30MG
VENLAFAXINE HCL,TAB,25MG
CEFDINIR,CAP,300MG
PRAZOSIN HYDROCHLORIDE,CAP,1MG
TELMISARTAN,TAB,80MG
COQ-10 100MG SOFTGEL,CAP,100-5MG
ALENDRONATE SODIUM,TAB,70MG
valACYclovir HYDROCHLORIDE,TAB,1G
DICLO 1 CIPLA,,
TERBINAFINE HYDROCHL,TAB,250MG
valACYclovir HYDROCH,TAB,1G
HYDROCORTISONE ACETA,SUPP,25MG
NYSTATIN,SUSP,100000U/ML
PROPRANOLOL HYDROCHL,TAB,10MG
LIDOCAINE 4 PERCENT,,
LABETALOL HYDROCHLORIDE,TAB,200MG
PRAZOSIN HYDROCHLORI,CAP,1MG
AZELASTINE HYDROCHLO,SOL,0.05%
LISDEXAMFETAMINE DIM,CAP,30MG
DIFFERIN,GEL,0.1%
PHEXX,GEL,1.8-1-0.4%
SPIRONOLACTONE,TAB,25MG
hydroCHLOROthiazide,TAB,25MG
QBREXZA,SWAB,66MG
RELIBIOTIC PROBIOTIC,CAP,15000000000-160
CLINDAMYCIN PHOSPHAT,SWAB,1%
ESTRADIOL,TAB,2MG
FENOFIBRATE,TAB,160MG
oxyBUTYnin CHLORIDE,TAB,5MG
SODIUM CHLORIDE,SOL,0.9%
ORTHO TRI-CYCLEN,TAB,0.18-0.215-0.25
NUVARING,SUPP ER,0.015-0.12MG/24
TAZAROTENE,GEL,0.05%
WYNZORA,CRM,0.005-0.064%
"oxyCODONE HYDROCHLORIDE, ACETA",TAB,10-300MG
TRANEXAMIC ACID,TAB,650MG
DICLOFENAC SODIUM,TAB,50MG
"AMPHETAMINE ASPARTATE, AMPHETA",TAB,30MG
SEMGLEE 100UNITS/ML,INJ,100U/ML
ENOXAPARIN SODIUM (P,INJ,100MG/ML
VYLEESI,INJ,1.75MG/0.3ML
CHILDRENS CHEWABLES,,
MICROBALANCE PROBIOTIC CAPSULE,,
MOVANTIK,TAB,25MG
CROMOLYN 200MG VAGINAL SUPP,,
NYSTATIN,OINT,100000U/G
BETAMETHASONE DIPROPIONATE,OINT,0.05%
prednisoLONE ACETATE,SUSP,1%
FLUOCINOLONE ACETONI,OIL,0.01%
ESTRADIOL,FILM,0.05MG/24H
TRIAMCINOLONE ACETONIDE,LOT,0.025%
"SACUBITRIL, VALSARTA",TAB,24-26MG
GLIMEPIRIDE,TAB,4MG
hydroCHLOROthiazide,TAB,25MG
EC-NAPROSYN,TAB,500MG
BISACODYL 5 MG,TAB,5MG
lamoTRIgine ODT,TAB,200MG
SUDAFED,TAB,30MG
KETOTIFEN 0.025%,SOL,0.025%
"SACUBITRIL, VALSARTA",TAB,97-103MG
VIENVA,TAB,0.1-0.02MG
buPROPion HYDROCHLORIDE,TAB ER,200MG
METOPROLOL SUCCINATE,TAB ER,100MG
CLOBETASOL PROPIONATE,SHAMPOO,0.05%
CIPROFLOXACIN HYDROC,SOL,0.3%
"OMEPRAZOLE, SODIUM B",CAP,20-1100MG
HYDROCORTISONE ACETA,SUPP,25MG
CLINDAMYCIN PHOSPHAT,GEL,1%
TRETINOIN,GEL,0.05%
CALCIPOTRIENE,CRM,0.005%
AZITHROMYCIN,TAB,500MG
ATORVASTATIN CALCIUM,TAB,10MG
metFORMIN,TAB,750MG
FINASTERIDE,TAB,1MG
CEFDINIR,PWD,250MG/5ML
BIMATOPROST,SOL,0.03%
QUEtiapine FUMARATE,TAB,50MG
ADAPALENE,GEL,0.3%
LEVOTHYROXINE SODIUM,TAB,175MCG
LEVOTHYROXINE SODIUM,TAB,100MCG
CICLOPIROX OLAMINE,CRM,0.77%
INDOMETHACIN,CAP,50MG
"NYSTATIN, TRIAMCINOL",OINT,100000-0.1%
DOXEPIN,CAP,10MG
TEMAZEPAM,CAP,7.5MG
valACYclovir HYDROCHLORIDE,TAB,1G
OSELTAMIVIR PHOSPHAT,CAP,75MG
KETOROLAC TROMETHAMINE,SOL,0.4%
PROGESTERONE,CAP,200MG
ARIPiprazole,TAB,5MG
PIOGLITAZONE HYDROCHLORIDE,TAB,15MG
CEFDINIR,PWD,250MG/5ML
AMOXICILLIN,PWD,400MG/5ML
POLYETHYLENE GLYCOL 3350,PWD,17G
"NYSTATIN, TRIAMCINOLONE ACETON",CRM,100000-0.1%
KETOCONAZOLE,FOAM,2%
ESTRADIOL,GEL,0.1%
CLINDAMYCIN PHOSPHATE,LOT,1%
TRIAMCINOLONE ACETONIDE,OINT,0.1%
IVERMECTIN,CRM,1%
IMIQUIMOD,CRM,5%
BUPRENORPHINE/NALOXONE,FILM,2-0.5MG
TESTOSTERONE 1% GEL COMPOUND,,
FOSINOPRIL SODIUM,TAB,40MG
CIPROFLOXACIN HYDROC,TAB,500MG
CYCLOBENZAPRINE HYDROCHLORIDE,TAB,5MG
AZITHROMYCIN,PWD,200MG/5ML
acetaZOLAMIDE,CAP ER,500MG
NAPROXEN,SUSP,125MG/5ML
FERROUS BIS-GLYCINAT,TAB,0.1MG/0.02MG
KETOROLAC TROMETHAMINE,SOL,0.5%
BENZOYL PEROXIDE,SUSP,7%
SALICYLIC ACID,SHAMPOO,6%
LATANOPROST,SOL,0.005%
TIMOLOL MALEATE,SOL,0.5%
BENZONATATE,CAP,200MG
DOXYCYCLINE HYCLATE,TAB,100MG
metFORMIN HYDROCHLORIDE ER (MO,TAB ER,1000MG
NIFEdipine,TAB ER,60MG
TOPIRAMATE,TAB,25MG
lamoTRIgine,TAB,25MG
metroNIDAZOLE,TAB,500MG
SULFACET/SULFUR,SUSP,10-2%
PANTOPRAZOLE SODIUM,TAB,40MG
RANOLAZINE,TAB,500MG
MYCOPHENOLATE MOFETI,CAP,250MG
INDOMETHACIN,CAP,50MG
LORATADINE,SOL,5MG/5ML
TRUEPLUS 1/2ML 29G 1,,
METAXALONE,TAB,800MG
PENICILLIN V POTASSIUM,TAB,500MG
SMX-TRI 400-80,TAB,400-80MG
MENVEO (MENINGITIS VACCINE),INJ,10-5-5-5MCG/0.5
FREESTYLE LIBRE 3 RE,,
glipiZIDE,TAB ER,5MG
ALPRAZolam,TAB,0.25MG
CLINDAMYCIN PHOSPHATE,CRM,2%
GENBIO COVID TEST,,
DUTASTERIDE,CAP,0.5MG
ESTRADIOL,INSR,10MCG
MINOCYCLINE HYDROCHLORIDE,TAB,100MG
ANASTROZOLE,TAB,1MG
HYDROXYM (HYDROCORTISONE),GEL,2%
TACROLIMUS,CAP,1MG
ALLOPURINOL,TAB,100MG
CICLOPIROX OLAMINE,CRM,0.77%
"CALCIPOTRIENE, BETAMETHASONE D",SUSP,0.005-0.064%
tiZANidine HYDROCHLO,CAP,4MG
CALCIUM CARBONATE,TAB,600MG
metFORMIN,TAB ER,750MG
NATAZIA,TAB,1-2-3-1-2-3-2-3
NALTREXONE HCL,TAB,50MG
HYDROXYCHLOROQUINE S,TAB,200MG
KLISYRI,OINT,1%
CORDRAN TAPE,TAPE,4MCG
hydrALAZINE,TAB,10MG
ADAPALENE,GEL,0.3%
TAVABOROLE,SOL,5%
DESONIDE,OINT,0.05%
PROBIOTIC CAPSULE,CAP,0-0
CYANOCOBALAMIN (VITAMIN B12),TAB,500MCG
DOXYCYCLINE HYCLATE,TAB,20MG
FLORASTOR KID,POW,250MG
UREA,CRM,40%
SIMETHICONE,CHEW,80MG
IBUPROFEN,TAB,200MG
DAPSONE,GEL,5%
ESTRADIOL,FILM ER,0.1MG/24H
RIVASTIGMINE,FILM ER,9.5MG/24H
ROBITUSSIN DM,SOL,20-200MG/10ML
ASPIRIN,TAB,81MG
ZINC OXIDE,OINT,20%
CICLOPIROX,GEL,0.77%
EVAMIST,SPRY,1.53MG/ACTUATIO
predniSONE,TAB,20MG
HumuLIN N,INJ,100U/ML
JANUMET XR,TAB,100-1000MG
LIDOCAINE HYDROCHLORIDE,SOL,2%
dexAMETHasone,TAB,4MG
DUPIXENT,INJ,150MG/ML
AMPHET SALT CMB,CP ER,15MG
AMPHET SALTS CMB,CAP ER,20MG
CYPROHEPTADINE HYDRO,TAB,4MG
LACTULOSE,SOL,10G/15ML
CYANOCOBALAMIN (VITAMIN B12),INJ,1000MCG/ML
AMOXICILLIN/CLAVULAN,PWD,600-42.9MG/5ML
ESTRADIOL,TAB,10MCG
PAXLOVID,TAB,300-100MG
AMOXICILLIN/CLAVULAN,TAB,875MG-125MG
hydrOXYzine PAMOATE,CAP,25MG
SODIUM BICARBONATE,TAB,650MG
RYBELSUS,TAB,3MG
OZEMPIC,INJ,1MG/DOSE
LEVEMIR FLEXPEN,INJ,100U/ML
CLOBETASOL PROPIONAT,FOAM,0.05%
BREZTRI,INH,160-9-4.8MCG/AC
XIGDUO XR,TAB,5-1000MG
BYDUREON BCISE,INJ ER,2MG/0.85ML
MOTRIN,SUSP,100MG/5ML
FENOFIBRATE,TAB,145MG
ALBUTEROL SULFATE,SOL,0.63MG/3ML
DICYCLOMINE HCL,TAB,20MG
METAXALONE,TAB,800MG
AMPHETAMINE ASPARTATE,TAB,10MG
PARoxetine HYDROCHLORIDE,TAB,20MG
hydroCHLOROthiazide,TAB,25MG
WEGOVY 1.5MG TABLET,TAB,1.5MG
ADVAIR DISKUS 250/50,INH,250-50MCG/ACTUA
NOVOFINE PLUS 32G DISP NEEDLE,EA,
VICTOZA,INJ,6MG/ML
MICROLET NEXT LANCIN,,
BUDESONIDE,SUSP,0.25MG/2ML
NICOTINE POLACRILEX,LOZ,4MG
DRYSOL,SOL,20%
DRYSOL,SOL,20%
TESTOSTERONE CYPIONATE,INJ,2000MG/10ML
"AMOXICILLIN TRIHYDRATE, CLAVUL",TAB,875-125MG
BETAMETHASONE VALERATE,CRM,0.1%
ACETAMINOPHEN,LIQ,160MG/5ML
ROBITUSSIN COUGH + C,CAP,10-200MG
METHADONE HCL,TAB,10MG
PREMARIN,TAB,1.25MG
SYSTANE COMPLETE,SOL,0.6%
SYSTANE BALANCE,SOL,0.6%
JANUMET,TAB,50-500MG
UBRELVY,TAB,100MG
LUMIGAN,SOL,0.01%
VARIVAX,INJ,1350U/0.5ML
STEGLATRO,TAB,15MG
NEXT DAY SHIPPING,,
JARDIANCE,TAB,10MG
PIMECROLIMUS,CRM,1%
TRETINOIN,GEL,0.025%
CALCIPOTRIENE,SOL,0.005%
TERCONAZOLE,SUPP,80MG
NICOTINE,FILM ER,14MG/24H
NORTREL,TAB,1000-35MG
OLOPATADINE HYDROCHLORIDE,SOL,0.1%
FOLIC ACID (VITAMIN B9),TAB,400MCG
RIVASTIGMINE,FILM ER,9.5MG/24H
ADAPALENE,GEL,0.3%
OYSTER SHELL CALCIUM,TAB,500-200MG-IU
CALCIUM/VIT D,TAB,600-400IU
POTASSIUM CHLORIDE,TAB,20MEQ
ALPRAZolam,TAB,0.25MG
AMOXICILLIN TRIHYDRATE,PWD,125MG/5ML
LORATADINE,TAB,10MG
OPTICHAMBER DIAM EQ SPACER MK,,
ALENDRONATE SODIUM,TAB,35MG
AMPHET SALTS CMB,TAB,12.5MG
BN COVID TEST,,
NALTREXONE HCL 1.5MG,,
traZODone HCL,TAB,100MG
BENADRYL,CRM,1-0.1%
METHYLPHENIDATE HCL,TAB ER,54MG
METHOTREXATE SODIUM,TAB,2.5MG
CLOBETASOL PROPIONATE,CRM,0.05%
ALL PURPOSE NIPPLE CREAM,,
FLUOROURACIL,CRM,5%
PROGESTERONE,CAP,100MG
MYCOPHENOLATE MOFETIL,CAP,250MG
TRIAMCINOLONE ACETON,CRM,0.1%
ALLOPURINOL,TAB,100MG
ALENDRONATE SODIUM,TAB,35MG
traMADol HYDROCHLORI,TAB,50MG
IMVEXXY,INSR,4MCG
CHOLECALCIFEROL,TAB,5000IU
INSULIN GLARGINE,INJ,100U/ML
buPROPion HYDROCHLOR,TAB,300MG
OLOPATADINE,SOL,0.1%
NORGESIC FORTE,TAB,770-60-50MG
CHLORTHALIDONE,TAB,25MG
XARELTO,TAB,10MG
KEPPRA XR,TAB ER,500MG
KEPPRA XR,TAB ER,750MG
NIFEdipine ER,TAB,60MG
CALCIPOTRIENE,OINT,0.005%
ENALAPRIL MALEATE,TAB,10MG
CLOTRIMAZOLE/BETAMET,LOTI,1-0.05%
"ADAPALENE, BENZOYL PEROXIDE",GEL,0.3-2.5%
UREA,LOT,40%
TRI-VITE W/FL,SOL,0.25MG/ML
URO-MP,CAP,118-10-0.12-36-
FLUoxetine HCL,TAB,20MG
BROMPHEN/PSEUDOEP/DM,SYRU,2-30-10MG/5ML
FERROUS FUMARATE,TAB,324
buPROPion HYDROCHLORIDE,TAB,75MG
AZELASTINE HYDROCHLORIDE,SOL,0.05%
IPRATROPIUM BROMIDE,SPRY,0.06%
ALPRAZolam,TAB,2MG
diphenhydrAMINE HYDR,LIQ,12.5MG/5ML
ENGERIX-B,INJ,10MCG/0.5ML
GERI-TUSSIN,SOL,100MG/5ML
MONTELUKAST SODIUM,CHEW,4MG
METOPROLOL TARTRATE,TAB,25MG
ALFUZOSIN,TAB ER,10MG
medroxyPROGESTERone,INJ,150MG/ML
PROLIA,INJ,60MG/ML
IRON,DROP,15MG/ML
levoFLOXacin,TAB,500MG
MEMANTINE,TAB,5MG
NAPROXEN,SUSP,125MG/5ML
MESALAMINE,SUPP,1000MG
BACLOFEN,TAB,10MG
VITAMIN B12,TAB,100MCG
REPAGLINIDE,TAB,0.5MG
MONTELUKAST SODIUM,CHEW,5MG
OSELTAMIVIR PHOSPHAT,CAP,75MG
ESZOPICLONE,TAB,1MG
LURASIDONE HCL,TAB,40MG
tiZANidine HCL,TAB,4MG
risperiDONE,TAB,0.5MG
DULoxetine,CAP,20MG
POLY-VI-FLOR 0.5MG C,CHEW,10-1-1-1.2-10-4
POLY-VI-FLOR 0.25MG/,DROP,0.4-7-8-3.35-20
LETROZOLE,TAB,2.5MG
DEXAMETH/NEOMYCIN/PO,ONT,0.1-0.35-10000%
PROLENSA,SOL,0.07%
AMOXICILLIN/CLAVUL,TAB,500-125MG
SULINDAC,TAB,200MG
CLOBETASOL PROPIONAT,SOL,0.05%
CLOBETASOL PROPIONAT,SOL,0.05%
"SODIUM SULFATE, POTA",SOL,17.5-3.13-1.6G
KETOROLAC TROMETHAMI,TAB,10MG
OLANZapine,TAB,10MG
NEBIVOLOL,TAB,5MG
FUROSEMIDE,TAB,20MG
VALSARTAN,TAB,80MG
PARoxetine HYDROCHLORIDE,TAB,30MG
SODIUM SULFAC/SULFUR,SUSP,10-2%
ERYTHROMYCIN,SOL,2%
CLINDAMYCIN/BENZ,GEL,1%-5%
SODIUM CHLORIDE,SPRY,0.65%
CICLOPIROX OLAMINE,SUSP,0.77%
SEMGLEE VIAL,INJ,100U/ML
CULTURELLE BABY PROBIOTIC-DHA,,
CARVEDILOL,TAB,25MG
lamoTRIgine,TAB,25MG
FINASTERIDE,TAB,5MG
NAPROXEN,TAB,500MG
lamoTRIgine,TAB,200MG
AMLODIPINE/BENAZEPRI,CAP,2.5-10MG
IBUPROFEN,TAB,600MG
ACCU-CHEK GUIDE TEST STRIP,,
DOXEPIN HYDROCHLORID,CAP,50MG
oxyCODONE HYDROCHLORIDE,TAB,5MG
ATOMOXETINE HYDROCHLORIDE,CAP,60MG
methIMAzole,TAB,10MG
cycloSPORINE,EMUL,0.05%
VILAZODONE HCL,TAB,10MG
LACOSAMIDE,TAB,100MG
METOPROLOL TARTRATE,TAB,100MG
OMEPRAZOLE,CAP,20MG
PARoxetine HYDROCHLORIDE,TAB,20MG
FLUCONAZOLE,TAB,200MG
LISINOPRIL,TAB,40MG
LEVOTHYROXINE SODIUM,TAB,125MCG
SIMVASTATIN,TAB,80MG
AMLODIPINE/BENAZEPRI,CAP,5-10MG
TRIPLE NIPPLE CREAM,,
AMOXICILLIN TRIHYDRATE,PWD,250MG/5ML
CALCIPOTRIENE,CRM,0.005%
QUEtiapine FUMARATE,TAB,25MG
IBUPROFEN,TAB,600MG
FAMOTIDINE,PWD,40MG/5ML
VARENICLINE TARTRATE,TAB,0.5-1MG
CYANOCOBALAMIN (VITAMIN B12),TAB,5000MCG
CHOLECALCIFEROL,CAP,400IU
PROMISEB TOPICAL CREAM,,
metFORMIN HCL,TAB ER,1000MG
buPROPion HYDROCHLORIDE,TAB ER,300MG
cycloSPORINE,EMUL,0.05%
TELMISARTAN/HCTZ,TAB,40-12.5MG
BENZOYL PEROXIDE;CLI,GEL,5-300MG
PIMECROLIMUS,CRM,1%
DROSPIREN/ESTRADIOL,TAB,3-0.02MG
ISOtretinoin,CAP,30MG
TAVABOROLE,SOL,5%
MELOXICAM,TAB,15MG
"BUTALBITAL, ACETAMIN",TAB,50-325-40MG
ALTAVERA,TAB,0.15-0.03MG
"BUTALBITAL, ACETAMIN",TAB,50-325-40MG
metFORMIN HYDROCHLORIDE,TAB ER,1000MG
metFORMIN HYDROCHLOR,TAB,1000MG
AMPHET SALT CMB,TB,5 MG
NAPROXEN 375 MG,,
TOBRAMYCIN,SOL,0.3%
SENOKOT,TAB,8.6MG
SIMETHICONE INFANT GAS,DROP,20MG/0.3ML
ESZOPICLONE,TAB,2MG
PARoxetine HCL,TAB,40MG
NAPROXEN DR,TAB,500MG
AMOXICILLIN TRIHYDRA,TAB,500-125MG
PROCHLORPERAZINE MAL,TAB,10MG
EXEMESTANE,TAB,25MG
GLIMEPIRIDE,TAB,1MG
AMMONIUM LACTATE,LOTION,12%
CYANOCOBALAMIN (VITAMIN B12),INJ,1000MCG/ML
metroNIDAZOLE,TAB,500MG
"TRIAMTERENE, hydroCHLOROthiazi",CAP,37.5-25MG
ERGOCALCIFEROL,CAP,1.25MG
"oxyCODONE HYDROCHLORIDE, ACETA",TAB,5-300MG
VISINE DRY EYE RELIEF 1 % DROP,,
DICYCLOMINE HYDROCHL,TAB,40MG
DULERA,AER,100-5MCG/ACTUAT
CARVEDILOL,TAB,6.25MG
CARVEDILOL,TAB,12.5MG
DUEXIS,TAB,800-26.6MG
TET,,
VITAMIN B 12 2000 UNS  LDR,,
"SACUBITRIL, VALSARTA",TAB,49-51MG
NEWFLORA PROBIOTIC,,
TRUE NASAL MOISTURIZING SPRAY,SPRY,0.65%
AUVELITY,TAB,45-105MG
SURE COMFORT 31G,EA,
INSULIN GLARGINE,INJ,100U/ML
ENOXAPARIN SODIUM (P,INJ,60MG/0.6ML
VOQUEZNA,TAB,10MG
ROXYBOND,TAB,10MG
AMOXICILLIN/CLAV,PWD,600-42.9MG/5ML
ORALYTE,,
FLORRAXYL MULTIVITAMIN TABLET,TAB,26-0.15-10-0.01
TRUELYTE ( PEDIALYTE),SOL,195-6.25-10MG
EASY COMFORT,PEN NEEDLES**,
BP MONITOR,,
PEN NEEDLES,,
VITAMIN B1 100MG TABLETS,,
MELATONIN 3 MG LEADER,,
CLEVER CHOICE COMFORT EZ,,
MULTIVITAMIN W/FLR,CHEWABLE,0.5 MG
DULERA,AER,100-5MCG/ACTUAT
VITAMIN E,CAP,--400---IU
ECONAZOLE NITRATE,FOAM,1%
BLT,CRM,20-6-5%
TRESIBA,INJ,100U/ML
ZENPEP,CAP,40000-168000-12
BLOOD PRESSURE MONITOR,,
CYCLOBENZAPRINE HYDROCHLORIDE,TAB,7.5MG
glipiZIDE,TAB,10MG
LIDOCAINE HYDROCHLOR,SOL,2%
ESTRADIOL,GEL,0.1%
TESTOSTERONE CYPIONA,INJ,200MG/ML
clonazePAM,TAB,1MG
LOSARTAN POTASSIUM,TAB,25MG
CLINDAMYCIN PHOSPHAT,GEL,1%
OFLOXACIN,SOL,0.3%
"OLMESARTAN MEDOXOMIL, HYDROCHL",TAB,20-12.5MG
OMEGA-3-ACID ETHYL E,CAP,1G
ESTRADIOL,GEL,0.1%
ESTRADIOL,TAB,0.5MG
ATENOLOL/CHLORTHALIDONE,TAB,100-25MG
ACYCLOVIR,SUSP,200MG/5ML
LUBIPROSTONE,CAP,24MCG
PROCHLORPERAZINE MAL,TAB,5MG
LEFLUNOMIDE,TAB,20MG
"ATENOLOL, CHLORTHALI",TAB,100-25MG
FOSFOMYCIN TROMETHAMINE,GRN,3G
LIDOCAINE,OINT,5%
DICLOFENAC SODIUM,SOL,2%
AMMONIUM LACTATE 12% CREAM,,
FOLACHEW CHEWABLE TA,CHEW,900-15-1.2-90-1
ONDANSETRON,TAB,16MG
REPATHA,INJ,140MG/ML
PROLATE,TAB,10-300MG
CYANOCOBALAMIN,INJ,1000MCG/ML
EC-NAPROSYN,TAB,375MG
SIMETHICONE,CHEW,125MG
ADAPLENE 0.1%,GEL,0.1%
PEDIASURE CHOCOLATE,LIQ,
buPROPion HYDROCHLOR,TAB,150MG
TRI-LO-ESTARYLLA,TAB,0.18-0.215-0.25
ROSUVASTATIN CALCIUM,TAB,20MG
PRAVASTATIN SODIUM,TAB,20MG
SULFACETAMIDE SODIUM,SUSP,9.8-4.8%
WESTAB PLUS TABLET,TAB,200-27-2-12-120
PHENAZOPYRIDINE HYDR,TAB,200MG
TAVABOROLE,SOL,5%
IPRATROPIUM BROMIDE,SPRY,0.03%
CLOBETASOL PROPIONAT,CRM,0.05%
METHOCARBAMOL,TAB,750MG
TOPIRAMATE,TAB,200MG
VARENICLINE TARTRATE,TAB,0.5MG
LEVONORGEST/ESTRADIOL,TAB,0.15-0.03MG
amLODIPine BESYLATE,TAB,2.5MG
levETIRAcetam,TAB,1000MG
CEFADROXIL,CAP,500MG
"SODIUM SULFATE, POTA",SOL,17.5-3.13-1.6G
MINOXIDIL,SOL,5%
SOLIFENACIN SUCCINAT,TAB,5MG
ATORVASTATIN CALCIUM,TAB,20MG
FINASTERIDE,TAB,5MG
BENZOYL PEROXIDE,SUSP,5%
BENZOYL PEROXIDE,SUSP,10%
SILVER sulfADIAZINE,CRM,1%
"DAPAGLIFLOZIN, METFO",TAB,5-1000MG
CEFUROXIME AXETIL,TAB,500MG
KAITLIB FE,CHEW,75-25-0.8MG
RAMIPRIL,CAP,2.5MG
SIMVASTATIN,TAB,20MG
SIMVASTATIN,TAB,20MG
LISINOPRIL,TAB,2.5MG
LISINOPRIL,TAB,5MG
LISINOPRIL,TAB,30MG
LEVOTHYROXINE SODIUM,TAB,200MCG
LEVOTHYROXINE SODIUM,TAB,112MCG
LEVOTHYROXINE SODIUM,TAB,50MCG
LEVOTHYROXINE SODIUM,TAB,25MCG
LEVOTHYROXINE SODIUM,TAB,25MCG
PARoxetine HYDROCHLORIDE,TAB,20MG
TOPIRAMATE,TAB,50MG
HYDROXYCHLOROQUINE SULFATE,TAB,200MG
OLMESARTAN MEDOXOMIL,TAB,5MG
ATOVAQUONE/PROGUANIL,TAB,62.5-25MG
CICLOPIROX OLAMINE,CRM,0.77%
NAPROXEN SODIUM,TAB,550MG
NAPROXEN,TAB,250MG
FLUCONAZOLE,TAB,100MG
MOMETASONE FUROATE,OINT,0.1%
NAPROXEN,TAB,500MG
"FENOFIBRATE, MICRONIZED",CAP,67MG
buPROPion HYDROCHLOR,TAB,75MG
LACOSAMIDE,TAB,150MG
GLIMEPIRIDE,TAB,2MG
ALCOHOL PREP 70% PAD,,
VISINE TEARS,SOL,0.2-0.2-1%
VILAZODONE HYDROCHLO,TAB,20MG
VARENICLINE TARTRATE,TAB,1MG
LISDEXAMFETAMINE DIM,CAP,50MG
LISDEXAMFETAMINE DIM,CAP,60MG
LISDEXAMFETAMINE DIM,CAP,70MG
QSYMIA,CAP,7.5-46MG
OXISTAT,LOT,1%
DOXYCYCLINE MONOHYDRATE,CAP,100MG
CLINDAMYCIN HYDROCHLORIDE,CAP,150MG
ONDANSETRON,TAB,4MG
glipiZIDE,TAB ER,2.5MG
MAGNESIUM,TAB,241.3MG
TRINTELLIX,TAB,20MG
AMPHETAMINE ASPARTAT,TAB,5MG
oxyCODONE HCL,TAB,15MG
metFORMIN HYDROCHLORIDE,TAB,1000MG
FIRST - PROGESTERONE VGS,SUPP,200MG
NIACIN (VITAMIN B3),TAB ER,500MG
AZITHROMYCIN,TAB,500MG
REPAGLINIDE,TAB,1MG
AMLODIPINE/BENAZEPRI,CAP,10-20MG
GABAPENTIN,TAB,600MG
AMOXICILLIN/CLAVULAN,PWD,400-57MG
FINASTERIDE,TAB,5MG
CLINDAMYCIN,CAP,300MG
FLUoxetine HCL,CAP,10MG
BENAZEPRIL HYDROCHLORIDE,TAB,10MG
CEFPODOXIME PROXETIL,TAB,100MG
AMOXICILLIN TRIHYDRATE,PWD,400MG/5ML
SALINE,AER,0.65%
FLUZONE TRIVALENT,INJ,15-15-15MCG/0.5
ERYTHROMYCIN,SWAB,2%
OMEGA-3 FATTY ACIDS,CAP,1000MG
SIMETHICONE,DROP,20MG/0.3ML
CLOTRIMAZOLE,CRM,1%
DOCUSATE SODIUM,CAP,100MG
AMMONIUM LACTATE,LOT,12%
AMMONIUM LACTATE,LOT,12%
CLINDAMYCIN PHOSPHATE,FOAM,1%
BENZOYL PEROXIDE,SUSP,10%
BENZOYL PEROXIDE,GEL,5%
"NEOMYCIN, POLYMYXIN B, BACITRA",OINT,3.5-5000-400U/G
NYSTATIN,CRM,100000U/G
BACITRACIN,ONT,500U/GM
KNEE BRACE,,
HYDROCORTISONE,OINT,2.5%
lamoTRIgine,TAB,25MG
NICOTINE,FILM ER,7MG/24H
OLMESARTAN MEDOXOMIL,TAB,20MG
OLMESARTAN/HCTZ,TAB,40-12.5MG
"OLMESARTAN MEDOXOMIL, HYDROCHL",TAB,40-12.5MG
SUMADAN WASH,SOL,9-4.5%
DONEPEZIL,TAB,5MG
oxyCODONE HYDROCHLORIDE,TAB,20MG
OLMESARTAN MEDOXOMIL,TAB,40-25MG
NEOMYCIN/POLYMYXIN/H,SUS,3.5-10000-1MG-U
TRI-VI-FLOR,SOL,0.25MG/ML
AMLODIPINE/VALS,TAB,10-160MG
RECEDO TOPICAL GEL,,
ENALAPRIL MALEATE,TAB,20MG
hydrOXYzine HYDROCHLORIDE,TAB,10MG
RANOLAZINE,TAB,1000MG
SOLOSEC,GRN,2G
buPROPion,TAB ER,300MG
SEVELAMER CARBONATE,TAB,800MG
LEVOTHYROXINE SODIUM,TAB,175MCG
FINASTERIDE0.1% / MINOXIDIL 5%,SOLUTION,
SALICYLIC ACID,GEL,6%
SODIUM SULFAC/SULFUR,SUSP,10-5%
HYOSCYAMINE SULFATE,TAB,0.125MG
CYCLOBENZAPRINE HCL,TAB,7.5MG
levETIRAcetam,TAB,250MG
levETIRAcetam,TAB,750MG
hydrALAZINE HYDROCHLORIDE,TAB,25MG
hydrALAZINE HCL,TAB,50MG
hydrALAZINE,TAB,100MG
lamoTRIgine,TAB,25MG
ALLOPURINOL,TAB,300MG
ICOSAPENT ETHYL,CAP,1G
SILDENAFIL CITRATE,TAB,100MG
AFLURIA TRI 2024-202,INJ,15-15-15MCG/0.5
DIVALPROEX SODIUM DR,TAB,250MG
MONTELUKAST SODIUM,CHEW,5MG
SUCRALFATE,TAB,1G
valACYclovir,TAB,1G
LOSARTAN POTASSIUM,TAB,50MG
ORTHOVISC,INJ,15MG/ML
predniSONE,TAB,5MG
TRAVOPROST,SOL,0.004%
PRAVASTATIN SODIUM,TAB,40MG
RENA-VITE,TAB,60-300-6-800-1.
DICLOFENAC POTASSIUM,CAP,25MG
busPIRone,TAB,15MG
VYVANSE,CHEW,60MG
RETACRIT,INJ,20000U/ML
"SULFACETAMIDE SODIUM, SULFUR,",SUSP,10-5%
XYOSTED,INJ,100MG/0.5ML
CHOLECALCIFEROL,CAP,2000IU
HYDROCODONE/APAP,TAB,10-325MG
MECLIZINE HYDROCHLOR,TAB,25MG
TESTOSTERONE CYPIONA,INJ,200MG/ML
SALICYLIC ACID,SOL,28.5%
VITAMIN B12,TAB,100MCG
VITAMIN B12,TAB,500MCG
NAFTIFINE HYDROCHLOR,GEL,2%
TERCONAZOLE,CRM,0.8%
MUPIROCIN,OINT,2%
ESTRADIOL/NORETHINDR,TAB,0.5-0.1MG
REPAGLINIDE,TAB,1MG
LORATADINE,SOL,5MG/5ML
BACITRACIN ZINC,OINT,500U/G
CONTRAVE,TAB ER,8-90MG
CLOTRIMAZOLE,SOL,1%
NYSTATIN/TRIAMCINOLO,OINT,100000-0.1%
buPROPion HYDROCHLORIDE,TAB ER,200MG
LANCETS,EA,
DOVATO,TAB,50-300MG
LORATADINE,TAB,10MG
YAZ,TAB,3-0.02MG
CLOTRIMAZOLE,SOL,1%
"CARBIDOPA, LEVODOPA",TAB,25-100MG
NAPROXEN,TAB,500MG
METOCLOPRAMIDE HYDRO,TAB,5MG
VARENICLINE TARTRATE,TAB,0.5-1MG
GLIMEPIRIDE,TAB,1MG
ONDANSETRON HYDROCHLORIDE,TAB,4MG
TACROLIMUS,CAP,0.5MG
GLIMEPIRIDE,TAB,4MG
QUEtiapine FUMARATE,TAB,100MG
ATORVASTATIN CALCIUM,TAB,80MG
hydrOXYzine HYDROCHL,TAB,50MG
CHLORHEXIDINE GLUCON,SOL,0.12%
FLUOCINOLONE ACETONI,SOL,0.01%
METHYLPHENIDATE HCL,TAB,20MG
FLULAVAL QUAD 2023-2,INJ,15-15-15-15MCG/
TACROLIMUS,OINT,0.1%
DICLOFENAC POTASSIUM,TAB,25MG
TADALAFIL,TAB,20MG
SILDENAFIL CITRATE,TAB,100MG
ARIPiprazole,TAB,10MG
HYPOCYN,,
RX,,
AMPHET SALT CMB,TB,10MG
METHYLPHENIDATE,TAB,5MG
FOLIC ACID (VITAMIN B9),TAB,0.4MG
AQUAPHOR,OINT,41%
LANCING DEVICE(ET),**,
LANCETS,,
NEBULIZER MACHINE**,,
BD PEN NEEDLES,,
FEXOFENADINE HYDROCH,TAB,180MG
LORATADINE,SOL,5MG/5ML
ACETAMINOPHEN,LIQ,160MG/5ML
IBUPROFEN,TAB,400MG
AMOXICILLIN,PWD,200MG/5ML
TAZAROTENE,GEL,0.1%
CYANOCOBALAMIN (VITAMIN B12),TAB,500MCG
CLARITHROMYCIN,TAB,500MG
DICYCLOMINE HYDROCHL,CAP,10MG
NALOXONE HYDROCHLORIDE,SPRY,4MG/0.1ML
HYDROXYUREA,CAP,500MG
HALOBETASOL PROPIONA,OINT,0.05%
metroNIDAZOLE,CRM,0.75%
GENTAMICIN SULFATE,OINT,0.1%
TRETINOIN,CRM,0.05%
DICYCLOMINE HYDROCHLORIDE,CAP,10MG
SYNJARDY XR,TAB ER,12.5-1000MG
LUMIGAN,SOL,0.01%
predniSONE,TAB,5MG
LUPRON DEPOT,INJ,3.75MG
MERCAPTOPURINE,TAB,50MG
PATADAY,DROP,0.2%
PAXLOVID,TAB,300-100MG
PREMPRO,TAB,0.625-2.5MG
TYLENOL EXTRA STRENG,TAB,500MG
ICOSAPENT ETHYL,CAP,1G
LEVALBUTEROL HYDROCH,SOL,0.63MG/3ML
LACTULOSE,SOL,10G/15ML
AMOXICILLIN,SPN,400MG/5ML
AMOXICILLIN,SPN,200MG/5ML
AMOXICILLIN,SPN,200MG/5ML
AMOXICILLIN,SPN,200MG/5ML
AMOX/CLAV,PWD,600-42.9MG/5ML
"CYCLOSPORINE, MODIFIED",CAP,25MG
"ETHINYL ESTRADIOL, ETONOGESTRE",SUPP ER,0.015-0.12MG/24
IBUPROFEN,SUSP,100MG/5ML
MICONAZOLE NITRATE,CRM,2%
hydrOXYzine HCL,TAB,50MG
NEFAZODONE HYDROCHLORIDE,TAB,200MG
CYCLOBENZAPRINE,ER CAP,15MG
FER-IN-SOL,LIQ,15MG/ML
ENFAMIL D-VI-SOL VIT,DROP,400IU/ML
EPSOLAY 5% TOPICAL C,CRM,5%
FERROUS SULFATE,TAB,325MG
VENTOLIN HFA,AER,90MCG/ACTUATION
BREO ELLIPTA,INHA,100-25MCG
FERRALET,TAB,120-0-50-90-12-
FAMOTIDINE,TAB,20MG
LANSOPRAZOLE,CAP,30MG
CLINDAMYCIN/BENZOYL,GEL,1-5%
TRETINOIN,GEL,0.05%
METHYLPHENIDATE,TAB ER,27MG
BUPRENORPHINE/NALOXONE,FILM,2-0.5MG
ARMODAFINIL,TAB,250MG
tiZANidine,CAP,4MG
ESTRADIOL,FILM,0.0375MG/24H
predniSONE,TAB,10MG
DESONIDE,LOT,0.05%
AMPHET SALT CMB,TAB,12.5MG
BUDESONIDE,SUSP,0.25MG/2ML
URSODIOL,CAP,300MG
ASPIRIN,CHEW,81MG
LEVOTHYROXINE SODIUM,CAP,150MCG
PROBIOTIC FORMULA,CAP,
POLYETHYLENE GLYCOL 3350,PWD,17G
ALBUTEROL SULFATE,SOL,1.25MG/3ML
AMPHETAMINE ASPARTAT,CAP,25MG
BUTALBITAL/APAP/CAFF,TAB,50-325-40MG
amLODIPine BESYLATE,TAB,5MG
METHYLPHENIDATE HCL,TAB,10MG
FARXIGA,TAB,5MG
"DOXYLAMINE SUCCINATE, PYRIDOXI",TAB,10-10MG
valACYclovir,TAB,500MG
LIDOCAINE,FILM ER,5%
BORIC ACID,PWD,0
TRETINOIN,CRM,0.05%
LANSOPRAZOLE,TAB,15MG
LISDEXAMFETAMINE DIM,CAP,50MG
SAXENDA,INJ,6MG/ML
metroNIDAZOLE,CRM,0.75%
TERCONAZOLE,CRM,0.4%
TACROLIMUS,OINT,0.1%
TACROLIMUS,OINT,0.03%
ISOtretinoin,CAP,30MG
LUBIPROSTONE,CAP,24MCG
CRESTOR,TAB,5MG
SOOLANTRA,CRM,1%
LOKELMA,PWD,10G
CONTOUR,TEST STRIPS*,
APLENZIN,TAB ER,522MG
MICROLET LANCET,EA,
VITAMIN B12,TAB,1000MCG
AYR SALINE NASAL GEL,,
SODIUM CHLORIDE,TAB,1G
RETIN-A,GEL,0.025%
CITRANATAL DHA,TAB,120-124-0-30-25
CITRANATAL B-CALM,TAB,-120-400-1--25-
SYMBICORT,INHA,160-4.5MCG
QULIPTA,TAB,30MG
WARFARIN SODIUM,TAB,5MG
NEFAZODONE HCL,TAB,100MG
METOCLOPRAMIDE HYDROCHLORIDE,TAB,5MG
ATORVASTATIN CALCIUM,TAB,40MG
CEFDINIR,PWD,250MG/5ML
LEVOCETIRIZINE,TAB,5MG
CARVEDILOL,TAB,12.5MG
VENLAFAXINE HYDROCHLORIDE,TAB,37.5MG
FLEET,ENEM,7-19G/118ML
ABREVA,CRM,10%
AMOXICILLIN,SPN,250MG/5ML
AMOXICILLIN/CLAVULAN,PWD,400-57MG/5ML
TRIAMCINOLONE ACETONIDE,CRM,0.1%
TRIAMCINOLONE ACETON,CRM,0.1%
MAG-AL,SUSP,200-200MG/5ML
NYSTATIN,SUSP,100000U/ML
LEVALBUTEROL HYDROCH,SOL,0.31MG/3ML
EXEMESTANE,TAB,25MG
PREGNYL,INJ,10000U
TYLENOL CHILDREN'S,SUSP,160MG/5ML
ROBITUSSIN DM,LIQ****,10-100/10ML
predniSONE,TAB,1MG
RINVOQ,TAB,45MG
LUPRON DEPOT,INJ,22.5MG
PEDIALYTE SOLUTION,SOL,
RETACRIT,INJ,10000U/ML
TAYTULLA,CAP,75-1-20MCG
CALTRATE 600+D3 MINERALS TAB,TAB,250-600-0-0-0-0
JANUMET XR,TAB,50-500MG
JANUVIA,TAB,25MG
CENTRUM KID'S,CHEW,60-1015-45-108-
EBGLYSS,INJ,250MG/2ML
JARDIANCE,TAB,25MG
MINOCYCLINE HYDROCHLORIDE,CAP,100MG
TESTOSTERONE,GEL,1%
CLARITHROMYCIN,TAB ER,500MG
BROMOCRIPTINE MESYLATE,TAB,2.5MG
FLUTICASONE PROPIONATE,OINT,0.005%
FERROUS GLUCONATE,TAB,246MG
LESSINA -28,TAB,0.1-0.02MG
NICOTINE,FILM ER,21MG/24H
MEFLOQUINE HCL,TAB,250MG
METHOTREXATE SODIUM,TAB,2.5MG
PODOFILOX,GEL,0.5%
TESTOSTERONE CYPIONATE,INJ,200MG/ML
CRYSELLE,TAB,300-30MG
ADVIL,TAB,200MG
PREPARATION H,SUPP,85.39-0.25%
CLOTRIMAZOLE,CRM,1%
DICLOFENAC SODIUM,GEL,1%
BRIMONIDINE TARTRATE,SOL,0.2-0.5%
CERTAVITE SENIOR,TAB,400-60-50-45--4
CALCIUM 600,TAB,600MG
MULTIVITAMIN W/IRON,TAB,
AMOXICILLIN,SPN,200MG/5ML
MAGNESIUM OXIDE,TAB,500MG
DEBROX,DROP,6.5%
LOPERAMIDE,SOL,1MG/7.5ML
ASPIRIN,TAB,81MG
TIRZEPITIDE,PF SYRINGE,2.5 MG
DEXCOM RECIEVER,,
FOLIC ACID (VITAMIN B9),TAB,1MG
CHOLECALCIFEROL,CAP,10000IU
SEMAGLUTIDE,,
WENTWORTH SODIUM FLU,PAST,1.1%
BTL CREAM,,
SILDENAFIL CITRATE,TAB,50MG
"FENOFIBRATE, MICRONI",CAP,200MG
CELECOXIB,CAP,200MG
VITAMIN C (ASCORBIC ACID),TABLETS,500 MG
NYQUIL,,
DAPSONE,GEL,7.5%
VISINE MULTI-ACTION,SOL,0.025-0.3%
NETI POT SINUS WASH,PWD,700-2300MG
B-COMPLEX TABLET,TAB,300-6-400-15-50
"ASCORBIC ACID (VITAMIN C), ROS",TAB,500-10MG
CALADRYL CLEAR,LOT,1-0.1%
AFRIN,SPRY,0.05%
MONTELUKAST SODIUM,CHEW,5MG
hydroCHLOROthiazide,TAB,25MG
hydroCHLOROthiazide,TAB,25MG
FLUOCINONIDE,SOL,0.05%
METHYLPHENIDATE HCL,TAB,10MG
CLOBETASOL PROPIONAT,SOL,0.05%
hydrALAZINE HYDROCHLORIDE,TAB,25MG
CETIRIZINE HYDROCHLORIDE,TAB,5MG
SEYSARA,TAB,100MG
SEYSARA 150MG TABLET,TAB,150MG
HYDROCORTISONE ACETA,SUPP,25MG
LANSOPRAZOLE,CAP,30MG
ESCITALOPRAM,TAB,20MG
MELOXICAM,TAB,7.5MG
BENZOYL PEROXIDE;CLIDAMYCIN,PWD,1%-5%
DESONIDE,CRM,0.05%
ONDANSETRON HYDROCHLORIDE,TAB,8MG
AMOXICILLIN/CLAVULAN,TAB,500-125MG
ONDANSETRON,TAB,4MG
"EMTRICITABINE, TENOF",TAB,200-300MG
ALENDRONATE SODIUM,TAB,70MG
ICOSAPENT ETHYL,CAP,1G
FLUoxetine HYDROCHLO,TAB,20MG
"CARBIDOPA, LEVODOPA",TAB,25-100MG
NABUMETONE,TAB,500MG
XOFLUZA,TAB,40MG
FERROUS SULFATE,SOL,220MG/5ML
DM/GUAIFENESIN,,10-100MG
LABETALOL HYDROCHLORIDE,TAB,100MG
BORIC ACID SUPPOSITORY,,
GABAPENTIN,CAP,300MG
VITAMIN B-12 500MCG,,
CLOBETASOL PROPIONATE,OINT,0.05%
CLOBETASOL PROPIONATE,OINT,0.05%
CLOBETASOL PROPIONAT,SOL,0.05%
ATENOLOL,TAB,100MG
ABDOMINAL BINDER,,
ALBUTEROL SULFATE,SOL,0.63MG/3ML
DICLOFENAC POTASSIUM,TAB,50MG
BISMUTH SUBCITRATE P,CAP,140-125-125MG
FLUNISOLIDE,SPRY,25MCG/ACTUATION
"ESTRADIOL, NORETHIND",TAB,0.5-0.1MG
SCOPOLAMINE,FILM ER,1MG/3
NIFEdipine,TAB ER,90MG
FOLIC ACID (VITAMIN B9),TAB,400MCG
BENADRYL CHILDREN'S ALLERGY,LIQ,12.5MG/5ML
ENALAPRIL MALEATE,TAB,2.5MG
NORTRIPTYLINE HYDROCHLORIDE,CAP,10MG
HYDROCORTISONE,OINT,1%
LORATADINE,SYR,5MG/5ML
FLUOCINONIDE,CRM,0.1%
BETAMETHASONE DP AUG,CRM,0.05%
AMMONIUM LACTATE,CRM,12%
DAPSONE,GEL,7.5%
REVAREE VAGINAL SUPPOSITORY,,
SUTAB,TAB,1.479-0.255-0.1
CIPROFLOXACIN HYDROC,SUSP,0.3-0.1%
MINOXIDIL,TAB,10MG
CHILDREN'S MULTIVITAMIN 5 FLAV,CHEW,15-400-4.5-2500
XYOSTED,INJ,75MG/0.5ML
CARBAMIDE PEROXIDE,SOL,6.5%
ONE TOUCH TEST STRIP,EA,
ONETOUCH VERIO SYSTEM,,
ONE TOUCH VERIO REFLECT,METER,
ONETOUCH ULTRA CONTROL SOLN,,
ONETOUCH ULTRA TEST STRIP,TES,
ONETOUCH VERIOTEST STRIP,EA,
"SULFACETAMIDE SODIUM, SULFUR,",SUSP,9-4%
"SULFACETAMIDE SODIUM, SULFUR,",SUSP,9-4.5%
DERMACINRX PENETRAL,CRM,0.025%
GLYCERIN,SUPP,1G
NUVARING,SUPP,0.12-0.015MG/24
AMOXICILLIN TRIHYDRA,PWD,250-62.5MG/5ML
glipiZIDE ER,TAB,5MG
SILDENAFIL CITRATE,TAB,100MG
sulfaSALAzine,TAB,500MG
ATORVASTATIN CALCIUM,TAB,80MG
SPIRONOLACTONE,TAB,25MG
CHLORTHALIDONE,TAB,25MG
AZITHROMYCIN,PWD,1G
PIOGLITAZONE HYDROCHLORIDE,TAB,15MG
REPAGLINIDE,TAB,0.5MG
AMLODIP/BENAZEPRIL,CAP,10-40MG
FLUCONAZOLE,TAB,200MG
ACETAMINOPHEN,TAB ER,650MG
ZARBEES COUGH AND IMMUNE,,
FREESTYLE LIBRE 14 D,,
hydrOXYzine HCL,SOL,10MG/5ML
CETIRIZINE HYDROCHLORIDE,SYR,1MG/ML
CLENPIQ,SOL,10-3.5-12MG/175
PROLIA,INJ,60MG/ML
LITTLE REMEDIES GAS RELIEF,ML,20MG/0.3ML
LITTLE NOSES,SOL,
OMRON A-I-R,NEBULIZER,
TESTOSTERONE CYPIONA,INJ,2000MG/10ML
METHYLPHENIDATE,TAB ER,36MG
PIOGLITAZONE HYDROCHLORIDE,TAB,30MG
oxyCODONE HYDROCHLOR,TAB,7.5-325MG
ACYCLOVIR,TAB,400MG
"IBUPROFEN, FAMOTIDIN",TAB,800-26.6MG
ICOSAPENT ETHYL,CAP,0.5G
lamoTRIgine,TAB,200MG
levETIRAcetam,TAB,1000MG
busPIRone HYDROCHLOR,TAB,15MG
CALCIUM 1000 W/VITAM,CAP,1000
SOLIFENACIN SUCCINAT,TAB,10MG
POTASSIUM GLUCONATE 550MG,,
BROM/PSE/DM,SYR,2-10-30MG/5ML
SODIUM FLUORIDE,GEL,1.1%
ESTRIOL,POW,
REPAGLINIDE,TAB,1MG
TRIAMCINOLONE ACETON,CRM,0.1%
TRIAMCINOLONE ACETON,OINT,0.025%
LIDOCAINE,OINT,5%
SULFACETAMIDE SODIUM,SUSP,10-5%
SILDENAFIL CITRATE,TAB,25MG
SILDENAFIL CITRATE,TAB,100MG
CALCIUM ACETATE,CAP,667MG
"LOSARTAN POTASSIUM, HYDROCHLOR",TAB,100-12.5MG
TADALAFIL,TAB,20MG
SOLIFENACIN SUCCINAT,TAB,10MG
CALCIUM ACETATE,CAP,667MG
busPIRone HYDROCHLOR,TAB,5MG
POLYMYXIN/TRIMETHOPR,SOL,10000-1U
OFLOXACIN,SOL,0.3%
LISINOPRIL,TAB,5MG
ALAWAY,SOL,0.025%
BP WASH,SUSP,5%
BP WASH,SUSP,2.5%
CLOTRIMAZOLE,CRM,2%
VALSARTAN/HCTZ,TAB,320-12.5MG
TRAVOPROST,SOL,0.004%
ERYTHROMYCIN,SOL,2%
CLINDAMYCIN HYDROCHL,CAP,75MG
DOXYCYCLINE HYCLATE,TAB,20MG
CALCIUM/VITAMIN D3,TAB,600-400MG-IU
GAVILYTE-C,PWD,22.72-6.72-5.84
TELMISARTAN,TAB,80MG
ESOMEPRAZOLE MAGNESI,CAP,40MG
risperiDONE,TAB,0.25MG
LISINOPRIL,TAB,40MG
NICOTINE POLACRILEX,LOZ,2MG
FLUoxetine HCL,TAB,60MG
HYDROCORTISONE,OINT,2.5%
"AZELASTINE HYDROCHLORIDE, FLUT",SPRY,137-50MCG/ACTUA
HALOBETASOL PROPIONATE,CRM,0.05%
ESTRADIOL,GEL,0.1%
ALOGLIP/METFORM,TAB,12.5-1000MG
BENZOYL PEROXIDE,GEL,5%
BETAMETHASONE DP AUG,CRM,0.05%
TACROLIMUS,OINT,0.1%
TAZAROTENE,GEL,0.1%
FLUOCINOLONE ACETONIDE,OIL,0.01%
PSEUDOEPHEDRINE HYDROCHLORIDE,TAB,30MG
HYOSCYAMINE SULFATE,TAB,0.125MG
BICALUTAMIDE,TAB,50MG
SULFACETAMIDE SODIUM,SUSP,10%
"CALCIPOTRIENE, BETAM",OINT,0.005-0.064%
ADACEL,INJ,2-5-5-5-2.5-3LF
TYPHIM VI,INJ,25MCG/0.5ML
IPOL,INJ,80U
OXYMETAZOLINE HYDROC,SPRA,0.05%
SEMGLEE,INJ,100U/ML
IBUPROFEN,TAB,600MG
FLUZONE 2023-2024 PF,INJ,60-60-60-60MCG/
OXYCODONE/APAP,TAB,7.5-325MG
LISDEXAMFETAMINE DIM,CAP,70MG
oxyCODONE HYDROCHLORIDE,TAB,15MG
AMOXICILLIN TRIHYDRATE,PWD,200MG/5ML
CEFPODOXIME PROXETIL,TAB,200MG
TERBINAFINE HYDROCHLORIDE,TAB,250MG
AMLODIPINE/BENAZEPRI,CAP,10-40MG
ORTHO EVRA,FILM ER,0.15-0.035MG/24
lamoTRIgine,TAB,200MG
DOTTI,FILM,0.025MG/24H
DOTTI,FILM,0.1MG/24H
TINIDAZOLE,TAB,500MG
dexAMETHasone,ELX,0.5MG/5ML
TIMOLOL MALEATE,SOL,0.5%
SODIUM BICARBONATE,TAB,650MG
TRINTELLIX,TAB,10MG
AMPHETAMINE ASPARTAT,CAP,30MG
"ACETAMINOPHEN, CODEI",TAB,300-30MG
ALCOHOL PREP PADS,,
TOBRAMYCIN,SOL,0.3%
TESTOSTERONE,GEL,1%
"CALCIPOTRIENE, BETAM",SUSP,0.005-0.064%
MUCINEX DM MAX,TAB,60-1200MG
VARENICLINE,TAB,0.5MG
VARENICLINE TARTRATE,TAB,0.5-1MG
"CYCLOSPORINE, MODIFI",CAP,50MG
ATROPINE SULFATE,SOL,1%
"FLUORIDE, VITAMIN A,",SOL,-400--------150
NEOMYCIN/POLYMYX/HC,SOL,3.5-10000-1MG-U
prednisoLONE ACETATE,SUSP,1%
DORZOLAMIDE,SOL,2%
DICLOFENAC SODIUM,TAB,75MG
LIDODERM,FILM,5%
ASPIRIN EC,TAB ***,81MG
FAMOTIDINE,TAB,40MG
LEVOCETIRIZINE,SOL,2.5MG/5ML
MUPIROCIN,OINT,2%
CARVEDILOL,TAB,6.25MG
CARVEDILOL,TAB,25MG
ATOMOXETINE HYDROCHLORIDE,CAP,18MG
ATOVAQUONE/PROGUANIL,TAB,250-100MG
SOLIFENACIN SUCCINAT,TAB,5MG
LEVOTHYROXINE SODIUM,TAB,112MCG
LEVOTHYROXINE SODIUM,TAB,100MCG
TACROLIMUS,OINT,0.1%
LISINOPRIL/HCTZ,TAB,10-12.5MG
MOXIFLOXACIN HYDROCHLORIDE,SOL,0.5%
CEPHALEXIN MONOHYDRATE,PWD,250MG/5ML
"NYSTATIN, TRIAMCINOL",CRM,100000-0.1%
AMOXICILLIN TRIHYDRATE,PWD,125MG/5ML
MILI,TAB,0.25-0.035MG
LACTULOSE,SOL,10G/15ML
SUCRALFATE,SUSP,1G/10ML
FLORASTOR,CAP,250MG
TADALAFIL,TAB,20MG
METHENAMINE HIPPURATE,TAB,1G
diphenhydrAMINE,CAP,25MG
ALBUTEROL,AER,90MCG/ACTUATION
DAPAGLIFLOZIN,TAB,5MG
BENZOYL PEROXIDE,SUSP,10%
SILVER sulfADIAZINE,CRM,1%
GABAPENTIN,CAP,300MG
ARIPiprazole,TAB,10MG
"OLMESARTAN MEDOXOMIL, HYDROCHL",TAB,40-12.5MG
ITRACONAZOLE,CAP,100MG
"IBUPROFEN, FAMOTIDINE",TAB,800-26.6MG
VARENICLINE TARTRATE,TAB,1MG
NIFEdipine,TAB ER,30MG
ACETAMINOPHEN,TAB ER,650MG
ONE A DAY MENOPAUSE FORMULA,TAB,75-40-55MG
MEMANTINE,CAP,28MG
EPICERAM,EMUL,---------------
CEFUROXIME AXETIL,TAB,500MG
FERROUS FUMARATE;NOR,CAP,1MG/20G
TACROLIMUS,OINT,0.03%
CICLOPIROX,GEL,0.77%
SULFACETAMIDE SODIUM,LOT,10%
ZINC SULFATE,CAP,220MG
CELECOXIB,CAP,200MG
FOSFOMYCIN TROMETHAM,GRN,3G
DOXEPIN HYDROCHLORIDE,CAP,10MG
FAMOTIDINE,TAB,10MG
ALLEGRA,TAB,180MG
PREGABALIN,CAP,25MG
PHENAZOPYRIDINE HCL,TAB,200MG
ACYCLOVIR,TAB,800MG
BROMFED-DM,SYR,2-30-10MG/5ML
buPROPion,TAB,300MG
AZITHROMYCIN,PWD,200MG/5ML
HYDROXYUREA,CAP,500MG
SIMVASTATIN,TAB,20MG
METHOCARBAMOL,TAB,500MG
NAPROXEN,TAB,500MG
LISDEXAMFETAMINE DIM,CAP,20MG
OLOPATADINE,SOL,0.1%
HYDROCORTISONE,CRM,1%
LOPERAMIDE 1MG/7.5ML,SOL,1MG/7.5ML
DANDREX,SHAM,1%
CARBAMIDE PEROXIDE (6.5 %),,
VOLTAREN GEL,GEL,1%
SPIRONOLACTONE,TAB,50MG
ZILXI 1.5% TOPICAL F,FOAM,1.5%
SUMAtriptan SUCCINATE,TAB,50MG
NARCAN,SPRY,4MG/0.1ML
ELYXYB 120MG/4.8ML S,SOL,120MG/4.8ML
BREASTPUMP,,
CELECOXIB,CAP,100MG
ATORVASTATIN CALCIUM,TAB,80MG
"HYDROCORTISONE, ACET",SOL,1-2%
AUGMENTIN 125MG/5ML,PWD,125MG/5ML
TIROSINT,CAP,75MCG
prednisoLONE ACETATE,SUSP,1%
TESTOSTERONE CYPIONA,INJ,1000MG/10ML
DOXYCYCLINE MONOHYDR,TAB,100MG
"SULFAMETHOXAZOLE, TRIMETHOPRIM",SUSP,200-40MG/5ML
CLEMSZA,TAB,2.68MG
OFLOXACIN,SOL,0.3%
TONMYA,TAB,2.8MG
TRETINOIN,CRM,0.1%
TAMSULOSIN HYDROCHLO,CAP,0.4MG
MEMANTINE,TAB,5MG
DESOXIMETASONE,OINT,0.25%
tiZANidine HYDROCHLO,TAB,2MG
AZELASTINE HYDROCHLO,SPRY,137MCG/ACTUATIO
VALSARTAN,TAB,160MG
AMIODARONE,TAB,200MG
CARBINOXAMINE MALEAT,TAB,6MG
GABARONE ( GABAPENTIN),TAB,400MG
INSULIN ASPART (RECO,INJ,100U/ML
INSULIN ASPART (RECO,INJ,30-70U/ML
ZANAFLEX 8MG CAPSULE,CAP,8MG
IPRATROP/ALBUT,SOL,0.5-3MG
BREXAFEMME,TAB,150MG
MULTIVITAMIN 0.25 MG CHEW,,
cloNIDine,FILM,0.2MG/24H
GABAPENTIN-AMITRIPTYLINE CREAM,,
OMEPRAZOLE /SODIUM BICARBONATE,,
BLOOD PRESSURE, MONITOR,
MELATONIN 10 MG,TABLET,
ALCOHOL PADS,,
ESTROVEN,,
NEBULIZER EASYAIR,,
NEWVITE MULTIVITAMIN,TAB,30-3-400-3-45-1
VITAMIN B12 - FOLIC ACID,,
VIOS LC PLUS COMPRESSOR KIT,,
AMOXICILLIN TRIHYDRA,TAB,875-125MG
HEPARIN SODIUM (PORCINE),INJ,5000U/ML
DULCOLAX E.C,TAB,5MG
ROXYBOND,TAB,15MG
ROXYBOND 30MG TABLET,TAB,30MG
TIRZEPATIDE 5MG/0.2 ML,,
TRIAMCINOLONE ACETON,INJ,200MG/5ML
SELF-CATH SOFT/STRAI,EA,
UREA,LOT,40%
AMOXICILLIN TRIHYDRA,PWD,600-42.9MG/5ML
QUVIVIQ,TAB,50MG
BABY PROBIOTIC DROPS,,
BIOTIN 1000MCG,,
METHOCARBAMOL,TAB,1000MG
EMRIVA,TAB,150-1.4-13-2.5-125MCG
WRIST BRACE,EA,
VITAMIN E 180MG CAP,,
PROGESTERONE 200MG SUPPOSITORI,,
TM VITAMIN B12 1000 MCG,TAB,1000MCG
VITAMIN C****,TAB,1000MG
AUVELITY,TAB,45-105MG
MEGA TOPICAL PATCH,FILM,5-4-0.0375-20%
REVITAFLOR PROBIOTIC,CAP,10000000000CFU
HYDROQUINONE,CRM,4%
NEFFY,SPRY,2MG
FLOWFLEX COVID-19 AG HOME TEST,,
TETRACYCLINE HCL 500,,
BIOLAC PROBIOTIC CAPSULES,,
BD PEN ND UFII 31G,EA,
CLEVER CHOICE STRIPS,,
diazePAM 5 MG,,
NIFEdipine 0.2% CREAM,,
BTL CREAM,,100%
FREESTYLE LANCETS,EA,
FREESTYLE LITE METER,EA,
FREESTYLE LITE TEST,EA,
ZYCLARA,CRM,3.75%
LIDOCANE/DLTIAZEM/HYDROCORTISO,,
dilTIAZem 2%/ LIDOCAINE 2% OIN,,
ALL PURPOSE NIPPLE CREAM,,
NALTREXONE 4.5 MG CAP,,
MICROGESTIN FE,TAB,75-1-0.02MG
HALOETTE,SUPP,0.12-0.015MG/24
DEXMETHYLPHENIDATE H,TAB,10MG
CHOLECALCIFEROL,CAP,50000IU
CARVEDILOL,TAB,3.125MG
D-VITA,DROP,-400---------IU
ALA-SCALP,LOT,2%
ALA-SCALP,LOT,2%
CYANOCOBALAMIN (VITA,TAB,30---1000------
DICLOFENAC POTASSIUM,TAB,25MG
BACLOFEN,TAB,10MG
VITAMIN B1,,100MG
VITAMIN B12,TAB,5000MCG
VIVJOA,CAP,150MG
NEBULIZER MASK AND TUBING,,
DOLOBID 250MG TABLET,TAB,250MG
lamoTRIgine,TAB,150MG
LIDOZALL,CRM,4%
ELEMAR,GEL,5-6%
METOPROLOL TARTRATE,TAB,100MG
clonazePAM,TAB,1MG
IVERMECTIN,TAB,6MG
METOPROLOL TARTRATE,TAB,50MG
FINAPOD,SOL,0.1-7%
DESONIDE,CRM,0.05%
"NYSTATIN, TRIAMCINOLONE ACETON",OINT,100000-0.1%
OLANZapine,TAB,7.5MG
VARENICLINE TARTRATE,TAB,1MG
DICLOFENAC POTASSIUM,TAB,50MG
THIAMINE (VITAMIN B1,TAB,---100-----MG
METHOCARBAMOL,TAB,500MG
PRAZOSIN HYDROCHLORI,CAP,2MG
GABAPENTIN,CAP,300MG
BENZONATATE,,200 MG
FLUDROCORTISONE ACET,TAB,0.1MG
GEMMILY,CAP,1-20MG
KETOROLAC TROMETHAMI,TAB,10MG
ZITUVIMET XR 50MG-10,TAB,50-1000MG
VARENICLINE TARTRATE,TAB,1MG
"IBUPROFEN, FAMOTIDINE",TAB,800-26.6MG
VARENICLINE TARTRATE,TAB,0.5MG
FLUOCINOLONE ACETONI,OIL,0.01%
TIROSINT,CAP,88MCG
PRORIVA PROBIOTIC CA,CAP,16000000000-150
VENLAFAXINE HCL,CAP ER,150MG
"DORZOLAMIDE, TIMOLOL",SOL,22.3-6.8MG/ML
DORZOLAMIDE,SOL,2%
HYDROcodone BITARTRA,TAB,7.5-325MG
ERYTHROMYCIN,SOL,2%
TRIAMCINOLONE ACETON,CRM,0.1%
WELLPRO 31 PROBIOTIC,CAP,16000000000-150
VILAZODONE HYDROCHLO,TAB,20MG
VILAZODONE HYDROCHLO,TAB,40MG
NEBULIZER - PROCARE,,
VALTOCO,SPRY,10MG/ACTUATION
MOXIFLOXACIN HYDROCHLORIDE,SOL,0.5%
OLANZapine,TAB,10MG
PROLATE,TAB,10-300MG
REPATHA,INJ,420MG/3.5ML
glipiZIDE,TAB,5MG
ZTLIDO,FILM,1.8%
GLIMEPIRIDE,TAB,1MG
SUMAtriptan SUCCINAT,TAB,100MG
SPIRONOLACTONE,TAB,100MG
PROBIO CHEW,CHEW,1-2-21000000000
MECLIZINE HYDROCHLORIDE,TAB,12.5MG
COLCHICINE,TAB,0.6MG
metFORMIN HYDROCHLOR,TAB,1000MG
"BUTALBITAL, ACETAMINOPHEN, CAF",CAP,50-300-40MG
metFORMIN HYDROCHLOR,TAB,500MG
MUCUS RELIEF DM,TAB,30-600MG
ABREVA,CRM,10%
GAS-X,CHEW,80MG
WHITE PETROLATUM BAS,OINT,
NAPROXEN,TAB,500MG
BIMATOPROST,SOL,0.03%
OFLOXACIN,SOL,0.3%
LATANOPROST,SOL,0.005%
ENSURE STRAWBERRY,,
medroxyPROGESTERone,INJ,150MG/ML
GLUCERNA SHAKE,LIQ,
buPROPion HYDROCHLOR,TAB,300MG
CABERGOLINE,TAB,0.5MG
NICODERM CQ,FILM,21MG/24H
PRAVASTATIN SODIUM,TAB,20MG
RIZATRIPTAN BENZOATE,TAB,10MG
diphenhydrAMINE HYDR,CRM,2-0.1%
ROSUVASTATIN CALCIUM,TAB,5MG
PREGABALIN,CAP,100MG
"CODEINE PHOSPHATE, guaiFENesin",SOL,10-100MG/5ML
CELECOXIB,CAP,100MG
CYPROHEPTADINE HCL,TAB,4MG
FERROUS FUMARATE,TAB,324-106MG
LIDOCAINE HYDROCHLOR,CRM,3%
DIPHENOXYLATE HYDROC,TAB,2.5-0.025MG
KETOROLAC TROMETHAMI,SOL,0.5%
CIPROFLOXACIN HYDROC,SOL,0.3%
hydroCHLOROthiazide,TAB,12.5MG
PREGABALIN,CAP,150MG
ERYTHROMYCIN,TAB,250MG
BUMETANIDE,TAB,1MG
LEVOTHYROXINE SODIUM,TAB,25MCG
ISOtretinoin,CAP,40MG
CITALOPRAM HYDROBROM,TAB,20MG
TOPIRAMATE,TAB,25MG
ESTRADIOL,FILM,0.075MG/24H
LOSARTAN POTASSIUM,TAB,100MG
VARENICLINE TARTRATE,TAB,1MG
PROCHLORPERAZINE MAL,TAB,10MG
OMEP/NA BICARB,PWD,20-1680MG
diazePAM,GEL,2.5MG/ML
diazePAM,GEL,5MG/ML
metroNIDAZOLE,GEL,0.75%
TACROLIMUS,OINT,0.1%
OLMESARTAN MEDOXOMIL,TAB,20MG
OLMESARTAN MEDOXOMIL,TAB,40MG
TACROLIMUS,OINT,0.03%
PIMECROLIMUS,CRM,1%
LOSARTAN POTASSIUM,TAB,25MG
metFORMIN HYDROCHLORIDE,TAB ER,1000MG
CEFUROXIME AXETIL,TAB,250MG
MELOXICAM,CAP,10MG
DULoxetine,CAP,30MG
"PSYLLIUM, CALCIUM, IRON, POTAS",CAP,60-0.08-0-6MG
SINUS WASH KETTLE NETI POT,PWD,700-2300MG
CHOLECALCIFEROL,CAP,1000IU
DIVIGEL,GEL,0.1%
MEFENAMIC ACID,CAP,250MG
MEGESTROL ACETATE,SUSP,40MG/ML
CHLORTHALIDONE,TAB,25MG
CEFIXIME,CAP,400MG
COLESEVELAM HYDROCHL,PWD,3.75G
IBUPROFEN,TAB,600MG
TRIAMCINOLONE ACETONIDE,CRM,0.1%
TRIAMCINOLONE ACETONIDE,CRM,0.1%
BETADINE,SOL,10%
CALMOL 4,SUP,78-10%
TEMAZEPAM,CAP,7.5MG
CEPHALEXIN MONOHYDRATE,CAP,500MG
CEPHALEXIN MONOHYDRATE,CAP,250MG
CEFUROXIME AXETIL,TAB,500MG
FLUTICASONE PROPIONA,INH,100-50MCG/ACTUA
ALPRAZolam,TAB,2MG
LURASIDONE HCL,TAB,40MG
medroxyPROGESTERone ACETATE,INJ,150MG/ML
AMOXICILLIN,PWD,250MG/5ML
OLMESARTAN MEDOXOMIL,TAB,20MG
CEFUROXIME AXETIL,TAB,250MG
QUEtiapine FUMARATE,TAB ER,150MG
cefTRIAXone SODIUM,INJ,1G
RIFAMPIN,CAP,300MG
RIFAMPIN,CAP,300MG
LURASIDONE HCL,TAB,80MG
DESOXIMETASONE,OINT,0.25%
HYDROCORTISONE VALER,CRM,0.2%
"INERT;NORGESTIMATE,",TAB,0.18-0.215-0.25
INERT;LEVONORGESTREL,TAB,0.1-0.02MG
"amLODIPine BESYLATE,",CAP,10-40MG
LISINOPRIL/HCTZ,TAB,20-12.5MG
BUDESONIDE,SUSP,0.5MG/2ML
metroNIDAZOLE,GEL,1%
PROMETHAZINE HYDROCHLORIDE,TAB,12.5MG
NAPROXEN,TAB,375MG
LITHIUM CARBONATE,CAP,300MG
MOMETASONE FUROATE,OINT,0.1%
PARoxetine HYDROCHLORIDE,TAB,20MG
HALOPERIDOL,TAB,5MG
ONDANSETRON HYDROCHLORIDE,TAB,4MG
FLUCONAZOLE,TAB,50MG
carBAMazepine ER,TAB,100MG
GLYCOPYRROLATE,TAB,1MG
"FENOFIBRATE, MICRONI",CAP,67MG
LACOSAMIDE,TB,200MG
METOPROLOL/HCTZ,TAB,50-25MG
ACETAMINOPHEN ER,TAB,650 MG
ANTACID LIQUID,SUS,225-200MG/5 ML
BIKTARVY,TAB,50-200-25MG
HARVONI,TAB,90-400MG
ODEFSEY,TAB,200-25-25MG
VEMLIDY,TAB,25MG
TOBRAMYCIN,SOL,0.3%
CIPROFLOXACIN HYDROCHLORIDE,SOL,0.3%
prednisoLONE ACETATE,SUSP,1%
TIMOLOL MALEATE,SOL,0.5%
CLOTRIMAZOLE,CRM,1%
GENTAMICIN SULFATE,SOL,0.3%
RAMELTEON,TAB,8MG
MEGESTROL ACETATE,SUSP,400MG/10ML
cefTRIAXone SODIUM,INJ,500MG
DELSYM,SUSP ER,30MG/5ML
MUCINEX CHILDREN'S COLD,LIQUID,100-5-2.5MG/5ML
CEPACOL SORE THROAT,LOZ,15-2.6MG
CEPACOL EXTRA STRENGHT,LOZENGE,15-2.6MG
FERROUS SULFATE,TAB,325MG
CAYA CONTOURED DIAPHRAGM,,
CORTISPORIN TC,SUSP,3-1-3.3-0.5MG/M
predniSONE,TAB,5MG
GABAPENTIN,CAP,100MG
"POLYETHYLENE GLYCOL 3350, POTA",PWD,5.72-5.72-11.2-
HYDROCORTISONE,TAB,5MG
ZURZUVAE,CAP,25MG
DEXILANT,CAP,30MG
IBUPROFEN,TAB,400MG
SEVELAMER CARBONATE,TAB,800MG
CINACALCET HYDROCHLO,TAB,30MG
DONEPEZIL HYDROCHLOR,TAB,10MG
MYLICON,DROP,20MG/0.3ML
DICLOFENAC SODIUM,SOL,2%
ADAPALENE,GEL,0.3%
DESONIDE,LOT,0.05%
HEMATOGEN,CAP,250-200-10-100M
RANOLAZINE ER,TAB,1000MG
SUMAtriptan SUCCINATE,TAB,25MG
ALENDRONATE SODIUM,TAB,35MG
ATOMOXETINE,CAP,10MG
SEVELAMER CARBONATE,TAB,800MG
SUCRALFATE,SUSP,1G/10ML
LISDEXAMFETAMINE DIM,CAP,70MG
FIRST MOUTHWASH BLM,PWD,0.1-0.8G
metFORMIN HYDROCHLORIDE,TAB,850MG
ACCU-CHEK AVIVA PLUS STRIP,TES,
COMPACT PLUS LEVEL 1/2 SOLN,,
LYLLANA,FILM ER,0.025MG/24H
MOMETASONE FUROATE MONOHYDRATE,SPRY,50MCG/ACTUATION
MODAFINIL,TAB,100MG
AMLODIPINE/BENAZEPRI,CAP,5-20MG
AMLODIPINE/BENAZEPRI,CAP,5-40MG
AMOXICILLIN/CLAVULAN,PWD,400-57MG
AMOXICILLIN/CLAVULAN,PWD,600-42.9MG/5ML
PIOGLITAZONE HYDROCH,TAB,45MG
ONDANSETRON,TAB,8MG
AMOXICILLIN/CLAVULAN,TAB,875-125MG
CEFPODOXIME PROXETIL,TAB,200MG
AMOXICILLIN TRIHYDRATE,PWD,400MG/5ML
AMOXICILLIN TRIHYDRATE,TAB,500MG
LIDOCAINE,CRM,4%
NICOTINE 21MG/24HR P,FILM,21MG/24H
NICODERM CQ,FILM,14MG/24H
CULTURELLE,CAP,
DOXYLAMINE SUCCINATE,TAB,25MG
YF-VAX,INJ,4.74PFU/0.5ML
"CALCIPOTRIENE, BETAMETHASONE D",SUSP,0.005-0.064%
DEXTROAMPHETAMINE SULFATE,CAP ER,15MG
METOPROLOL SUCCINATE,TAB,50MG
LIDOCARE,FILM,4%
CEQUA,SOL,0.09%
BUDESONIDE,SUSP,0.25MG/2ML
LURASIDONE HCL,TAB,80MG
CETIRIZINE HYDROCHLORIDE,CHEW,5MG
SPS,SUSP,15G/60ML
DEXTROMETHORPHAN POLISTIREX,SUSP ER,30MG/5ML
AMMONIUM LACTATE,LOT,12%
ECONAZOLE NITRATE,CRM,1%
CLOTRIMAZOLE,CRM,1%
NALOXONE HYDROCHLORI,SPRY,4MG/0.1ML
GFN/DM,TAB,60-1200MG
CLINDAMYCIN/BENZOYL P,GEL,1-5%
TACROLIMUS,OINT,0.03%
MOMETASONE FUROATE,CRM,0.1%
ESTRADIOL,GEL,0.1%
DICLOFENAC SODIUM,GEL,3%
HYDROCORTISONE,CRM,2.5%
DIBUCAINE,OINT,1%
TRIAMCINOLONE ACETONIDE,OINT,0.025%
LANSINOH HPA LANOLIN,ONT,
CHLORTHALIDONE,TAB,25MG
HYDROXYCHLOROQUINE S,TAB,200MG
"FENOFIBRATE, MICRONI",CAP,200MG
lamoTRIgine ODT,TAB,200MG
TADALAFIL,TAB,5MG
NICOTINE,FILM ER,21MG/24H
VALSARTAN/HCTZ,TAB,320-12.5MG
IRBESARTAN,TAB,150MG
clonazePAM,TAB,1MG
FENOFIBRATE,TAB,48MG
"CIPROFLOXACIN HYDROCHLORIDE, D",SUSP,0.3-0.1%
LUBIPROSTONE,CAP,8MCG
OLANZapine,TAB,7.5MG
miFEPRIStone (RU-486,TAB,200MG
MY WAY,TAB,1.5MG
GAVILAX,PWD,17G
"VITAMIN A ACETATE, ASCORBIC AC",CHEW,60-4.5-2500-400
HYDROmorphone HYDROCHLORIDE,TAB,4MG
BUPRENORPHINE HYDROCHLORIDE,TAB,8MG
methylPREDNISolone,TAB,4MG
flavoxATE HYDROCHLORIDE,TAB,100MG
"AMOXICILLIN TRIHYDRATE, CLAVUL",TAB,500-125MG
ZAFEMY,FILM,0.15-0.035MG/24
"VALSARTAN, HYDROCHLO",TAB,160-25MG
ANTACID SUSPENSION,SUSP,225-200MMG/5ML
DIMETAPP DM,LIQ,
ZENZEDI,TAB,10MG
CHLORZOXAZONE,TAB,250MG
NEOMYCIN/POLYMYXIN/H,SOL,3.5-10000-1MG-U
SITZ BATH,,
TOBRAMYCIN,SOL,0.3%
DOXYCYCLINE MONOHYDRATE,TAB,100MG
ACYCLOVIR,TAB,400MG
TERAZOSIN HYDROCHLORIDE,CAP,5MG
MONTELUKAST SODIUM,TAB,10MG
ALLOPURINOL,TAB,300MG
AMIODARONE HYDROCHLORIDE,TAB,200MG
"ATENOLOL, CHLORTHALIDONE",TAB,100-25MG
MELOXICAM,TAB,15MG
TADALAFIL,TAB,20MG
ARIPiprazole,TAB,2MG
SULFACETAMIDE SODIUM,SUSP,10%
DYANAVEL XR,SUSP,2.5MG/ML
guanFACINE HYDROCHLORIDE,TAB ER,3MG
oxyBUTYnin CHLORIDE,TAB ER,10MG
lamoTRIgine,TAB,100MG
CLOBETASOL PROPIONATE,OINT,0.05%
ORPHENADRINE CITRATE,TAB ER,100MG
IMMUNE ELDERBERRY,LOZ,
PEPTO-BISMOL,LIQ,262MG/15
CHLORASEPTIC,LOZ,
DEBROX,DROP,6.5%
TRIAMCINOLONE ACETON,CRM,0.025%
CANDESARTAN/HCTZ,TAB,16-12.5MG
LIDOCAINE,CRM,4%
MELATONIN,TAB,1MG
CHOLECALCIFEROL (VITAMIN D3),SOFTGELS,50MCG (2000 IU)
VITAMIN B-1 TABLETS,,100MG
HYDROCORTISONE ACETATE,SUPP,25MG
FLAC,OIL,0.01%
SALICYLIC ACID,SOL,27.5%
GABAPENTIN,SOL,250MG/5ML
PNV-DHA + DOCUSATE,CAP,28-160-300-55-2
OXYMETAZOLINE (AFRIN),SPRAY,0.05%
ALLEGRA-D 24 HOUR ALLERGY & CO,TAB ER,180-240MG
VENLAFAXINE HYDROCHLORIDE,CAP ER,150MG
BIOTIN,TAB,1000MCG
PEDIA-LAX YUMS,TAB,
GABAPENTIN,TAB,800MG
OLANZapine,TAB,10MG
OLANZapine,TAB,10MG
RIZATRIPTAN BENZOATE,TAB,10MG
TOLTERODINE TARTRATE,TAB,2MG
ATOMOXETINE HYDROCHLORIDE,CAP,60MG
IRBESARTAN,TAB,150MG
LINEZOLID,TAB,600MG
OSELTAMIVIR PHOSPHAT,CAP,75MG
diphenhydrAMINE,CAP,50MG
PHENTERMINE,CAP,15MG
SENNA,TAB,8.6MG
ACETAMINOPHEN,TAB,500MG
guaiFENesin DM,LIQ,10-100MG/5ML
LANSOPRAZOLE,CAP,30MG
lamoTRIgine,TAB ER,300MG
FEXOFENADINE HYDROCHLORIDE,TAB,180MG
"GUAIFENESIN, PSEUDOE",TAB,600-60MG
INFANT VITAMIN D,SOLUTION,400 IU
STERILE LANCET 28G,,
AMPHOTERICIN B SUPPOSITORY,,
FLUCONAZOLE,TAB,150MG
OMEPRAZOLE,CAP,20MG
oxyBUTYnin CHLORIDE,SYR,5MG/5ML
HYOSYNE,ELX,0.125MG/5ML
levoFLOXacin,TAB,750MG
"NAPROXEN, ESOMEPRAZO",TAB,375-20MG
SUMAtriptan SUCCINATE,TAB,50MG
levoFLOXacin,TAB,250MG
PROMETHAZINE/CODEINE,SYR,6.25-10MG/5ML
AMITRIPTYLINE HYDROC,TAB,10MG
ADDERALL,TAB,20MG
ACETAMINOPHEN,TAB,325MG
DICLOFENAC SODIUM TOPICAL GEL,,1%
MULTIVITAMINS GUMMIS,,
FREESTYLE LIBRE 2 PL,,
FLUARIX TRI 2024-202,INJ,15-15-15MCG/0.5
BOOSTRIX,INJ,2.5-5-8-8-2.5IU
ENGERIX-B,INJ,20MCG/ML
SIMETHICONE,CHEW,80MG
LACTOBACILLUS RHAMNO,CAP,20000000000-200
valACYclovir HYDROCHLORIDE,TAB,1G
FINASTERIDE,TAB,5MG
MOXIFLOXACIN HYDROCHLORIDE,TAB,400MG
DIVALPROEX SODIUM,TAB,125MG
RAMIPRIL,CAP,2.5MG
NITROGLYCERIN,TAB,0.3MG
sulfaSALAzine,TAB,500MG
predniSONE,TAB,20MG
buPROPion HYDROCHLOR,TAB,100MG
PROCRIT,INJ,20000U/ML
MOXIFLOXACIN HCL,SOL,0.5%
BRIMONIDINE TARTRATE,SOL,0.2-0.5%
PURE COMFORT LANCETS,,
"HYDROCORTISONE, NEOM",SOL,1-3.5-10000U/ML
FENOFIBRATE,TAB,160MG
PILOCARPINE HYDROCHL,TAB,5MG
OSELTAMIVIR PHOSPHAT,CAP,30MG
TRINATE,TAB,120-3000-200-22
NIFEdipine,TAB ER,90MG
FLUoxetine HYDROCHLORIDE,TAB,10MG
OLOPATADINE HYDROCHL,DROP,0.2%
"CARBIDOPA, LEVODOPA",TAB,25-100MG
clonazePAM,TAB,1MG
AMOXICILLIN TRIHYDRA,PWD,250-62.5MG/5ML
KLOXXADO,SPRY,8MG/0.1ML
OMEPRAZOLE,CAP,10MG
QVAR,AER,40MCG/ACTUATION
AIRDUO RESPICLICK,INH,232-14MCG/ACTUA
MYCOZYL AL ( TOLNAFTATE),SOL,1%
LIDOCAINE PATCH 5%,,
ABILIFY MAINTENA,SUSP ER,400MG
PSEUDOEPHEDRINE HCL,TAB,60MG
RECTIV,ONT,0.4%
cloNIDine HYDROCHLORIDE,TAB,0.1MG
GUAIFENSEIN DM,SOL,100MG/5ML
guaiFENesin,SOL,100MG
UREA,CRM,40%
MULTI-VITAMIN WITH FLUORIDE,DROP,0.5MG
VITAMIN B12,TAB,2500MCG
ONE TOUCH ULTRA SYST,KIT,
ONETOUCH VERIO REFLE,,
ONETOUCH VERIO FLEX SYSTEM,,
DEXTROMETHORPHAN/GUA,LIQ,10-100MG/5ML
TERAZOL 3,CRM,0.8%
CHOLECALCIFEROL,CAP,5000IU
SPIRONOLACTONE,TAB,100MG
VASCEPA,CAP,0.5G
AUGMENTIN,TAB,875MG-125MG
TRIAMCINOLONE ACETON,CRM,0.1%
VENLAFAXINE HCL,CAP ER,37.5MG
SALICYLIC ACID,SOL,26%
SULFACETAMIDE SODIUM SULFUR,SUSP,10-5%
GOLYTELY,PWD,22.74-22.74-6.7
MICROGESTIN FE 1/20,TAB,1000-20MG
CLOBETASOL PROPIONAT,CRM,0.05%
FLORIVA,SOL,0.55-400IU/ML
DEXTROAMPHETAMINE SULFATE,TAB,20MG
ERYTHROMYCIN ETHYLSUCCINATE,GRAN,200MG/5ML
IBUPROFEN,SUSP,100MG/5ML
DAPSONE,GEL,5%
CLINDAMYCIN & BENZOYL1-5% GEL,PWD,5-600MG
CLINDAMYCIN/BPO,GEL,1-5%
CLOBETASOL PROPIONAT,SPRY,0.05%
CLINDAMYCIN PHOSPHAT,GEL,1.2-2.5%
MUPIROCIN CALCIUM,CRM,2%
ALCLOMETASONE DIPROPIONATE,CRM,0.05%
CLOTRIMAZOLE,CRM,1%
FEVERALL,SUPP,80MG
AMIODARONE HYDROCHLORIDE,TAB,200MG
TETRACYCLINE HYDROCH,CAP,500MG
FOLPLEX 2.2,TAB,2.2-25-0MG
CLOBETASOL PROPIONAT,FOAM,0.05%
CLINDAMYCIN PHOSPHAT,FOAM,1%
DOXEPIN HYDROCHLORIDE,CAP,50MG
INSULIN PN NEEDLES 32GX4MM,,
LIDOCAINE,FILM,4%
CAPSAICIN,FILM,0.025%
BENADRYL ALLERGY ULTRATAB,TAB,25MG
XARELTO STARTER PACK,TAB,15-20MG
XARELTO,TAB,2.5MG
"ESTRADIOL, NORETHIND",TAB,0.5-0.1MG
NIFEdipine,TAB ER,60MG
CONJUGATED ESTROGENS,TAB,1.25MG
ALBUTEROL SULFATE,SOL,1.25MG/3ML
KNEE BRACE,,
MIRTAZAPINE,TAB,30MG
POLYETHYLENE GLYCOL 3350,PWD,17G
MECLIZINE HYDROCHLORIDE,TAB,25MG
PHENAZOPYRIDINE HYDROCHLORIDE,TAB,200MG
MAGNESIUM OXIDE,TAB,400MG
HYDROCORTISONE VALERATE,CRM,0.2%
CLOBETASOL PROPIONATE,OINT,0.05%
hydroCHLOROthiazide,CAP,12.5MG
metFORMIN HYDROCHLOR,TAB,1000MG
CARISOPRODOL,TAB,350MG
ROSUVASTATIN 5MG TAB,TABLET,5MG
MULTIPLE VITAMINS W/,TAB,
VARIZIG 125 IU SOLN,INJ,125IU
BISMUTH SUBCITRATE P,CAP,140-125-125MG
traZODone HYDROCHLORIDE,TAB,50MG
traZODone HYDROCHLORIDE,TAB,100MG
MINOXIDIL,TAB,10MG
"IBUPROFEN, FAMOTIDIN",TAB,800-26.6MG
lamoTRIgine,TAB,100MG
lamoTRIgine,TAB,200MG
CLOBETASOL PROPIONATE,OINT,0.05%
TRANEXAMIC ACID,TAB,650MG
CYANOCOBALAMIN (VITAMIN B12),TAB,250MCG
CHOLECALCIFEROL,TAB,400IU
PROMETH/PE/COD,SYR,10-5-6.25MG/5ML
BEYAZ,TAB,3-0.451-0.02-0.
LYNKUET,CAP,60MG
ANGELIQ,TAB,0.5-1MG
FAMOTIDINE,TAB,20MG
"NAPROXEN, ESOMEPRAZO",TAB,375-20MG
QUEtiapine FUMARATE,TAB,150MG
GLIMEPIRIDE,TAB,2MG
SIMVASTATIN,TAB,80MG
KETOCONAZOLE,CRM,2%
SUMAtriptan SUCCINAT,TAB,25MG
"AMPHETAMINE ASPARTATE, AMPHETA",TAB,30MG
TRIAMCINOLONE ACETON,CRM,0.025%
TRIAMCINOLONE ACETON,CRM,0.5%
DONEPEZIL,TAB,5MG
UREA,CRM,40%
hydrOXYzine HYDROCHL,TAB,10MG
CETIRIZINE HYDROCHLORIDE,TAB,10MG
PHENobarbital,TAB,64.8MG
CRUTCHES,,
ADJUSTMENT,,
TRIAMCINOLONE ACETON,OINT,0.1%
"NYSTATIN, TRIAMCINOL",OINT,100000-1MG
TACROLIMUS,OINT,0.1%
PEPCID AC,TAB,10MG
DESONIDE,OINT,0.05%
diphenhydrAMINE HCL,CAP,25MG
SPIRONOLACTONE,TAB,25MG
oxyBUTYnin CHLORIDE,TAB ER,5MG
TACROLIMUS,OINT,0.03%
buPROPion HYDROCHLOR,TAB,150MG
LEVOTHYROXINE SODIUM,TAB,25MCG
LEVOTHYROXINE SODIUM,TAB,100MCG
ROSUVASTATIN CALCIUM,TAB,20MG
SILDENAFIL CITRATE,TAB,20MG
CITALOPRAM HYDROBROMIDE,TAB,20MG
CITALOPRAM HYDROBROMIDE,TAB,40MG
CITALOPRAM HYDROBROMIDE,TAB,10MG
ULTRA THIN LANCET 30,,
CO-ENZYME Q-10 (UBIQ,CAP,----300-MG
CHILD D/N COLD-COUGH,SOL,5-6.25-2.5-1MG/
LACTOBACILLUS ACIDOP,TAB,
PHILLIPS MILK OF MAG,SUS,400MG/5ML
traZODone HYDROCHLORIDE,TAB,150MG
LIDOCAINE/HC,CRM,3-0.5%
DICLOFENAC POTASSIUM,TAB,25MG
IRON,TAB,65MG
ASPIRIN,TAB,325MG
lamoTRIgine,TAB,50MG
PREGABALIN,CAP,150MG
ARIPiprazole,TAB,2MG
MINOCYCLINE HYDROCHLORIDE,TAB,100MG
ESTRADIOL,GEL,0.1%
ESTRADIOL,GEL,0.1%
METHYLPHENIDATE HYDROCHLORIDE,TAB ER,27MG
METHYLPHENIDATE HYDROCHLORIDE,TAB ER,36MG
PHENTERMINE HYDROCHLORIDE,CAP,15MG
BIMATOPROST APPLICATORS,,
VITAMIN B12,,1000MCG
MELATONIN,TAB,5MG
MELATONIN,TAB,3MG
VITAMIN D3,CAP,5000IU
ZINC,TAB,50MG
TUMS,CHEW,500MG
VITAMIN D,CAP,----5000--IU
CALCIUM 1200MG / VITD3,CAPSULE,
ALPHA LIPOIC ACID,CAP,200MG
EUCERIN ECZEMA RELIEF,CRM,1%
MAGNESIUM,TAB,241.3-400MG
PALMER'S STRETCH MARK,CREAM,
VITAMIN D3 MAX TABLE,TAB,0-0-0-0-50000-0
"POLYETHYLENE GLYCOL 3350, POTA",PWD,22.74-22.74-6.7
oxyCODONE HYDROCHLORIDE,TAB,15MG
SIMETHICONE,CAP,180MG
PHENAZOPYRIDINE HYDROCHLORIDE,TAB,100MG
ACETAMINOPHEN,TAB,325MG
diphenhydrAMINE HCL,CAP,25MG
ASPIRIN E.C.,TAB,81MG
hydrOXYzine HYDROCHLORIDE,TAB,25MG
oxyCODONE HYDROCHLORIDE,CAP,5MG
EASY TOUCH,,
BD SYR UFII .3ML 31G,EA,
VITAMIN C,,
ACID GONE ANTACID,SUSP,31.7-119MG/15ML
DOCUSATE SODIUM,CAP,100MG
HI-ENER-G SUPR B12 5000 MCG TB,,
COMPRESSOR NEBULIZER,,
VITAMIN D,CAPS***,"10,000IU"
PEN NEEDLE 32G,EA,
B-D NEEDLES REGULAR,EA,
BD SYRINGE/NEEDLE C,EA,
PSEUDOEPHEDRINE HYDR,TAB,120MG
GAS RELIEF,CAP,125MG
BANOPHEN,CAPSULE,25
OMEGA-3-ACID ETHYL ESTERS,CAP,1G
ACETAMINOPHEN,LIQ,160MG/5ML
VITAMIN D,CAP,5000IU
EVENING PRIMROSE,CAP,500MG
CIPROFLOXACIN/DEXA,SUSP,0.3-0.1%
CLARITHROMYCIN,PWD,250MG/5ML
CLARITHROMYCIN,PWD,250MG/5ML
MELATONIN,TAB,3MG
VYLEESI,INJ,1.75MG/0.3ML
Os-Cal 500 + D,TAB,500-200IU
AMOXICILLIN TRIHYDRATE,CAP,250MG
BANOPHEN,TAB,25MG
ACIDOPHILUS,CAP,7.5-100MG
carBAMazepine,TAB ER,100MG
VITAMIN B6,TAB,50MG
TRIPLE ANTIBIOTIC,OINT,400-3.5-U/G
BISMATROL,CHEW,262MG
MOXIFLOXACIN HYDROCHLORIDE,SOL,0.5%
ESTRADIOL,FILM ER,0.025MG/24H
CALCIPOTRIENE,CRM,0.005%
BACITRACIN,OINT,500U/G
SENNA,SOL,8.8MG/5ML
CLOTRIMAZOLE,CRM,1%
BAQSIMI,PWD,3MG
ISONIAZID,TAB,300MG
chlordiazePOXIDE HYDROCHLORIDE,CAP,25MG
VITAMIN C,CAPS,500MG
CYANOCOBALAMIN (VITA,TAB,100MCG
CYANOCOBALAMIN (VITA,TAB,1000MCG
MICONAZOLE NITRATE,CRM,2%
B-COMPLEX,CAP,60-0.5-3-60-1-5
REFRESH PLUS,DROP,0.5%
PREPARATION H,SUPP,85.39-0.25%
RHOGAM,INJ,300MCG
BROM/PSE/DM,SYR,2-10-30MG/5ML
MEGESTROL ACETATE,TAB,40MG
ESTRADIOL,TAB,2MG
TRI-SPRINTEC,TAB,180/215/250-35M
FLUOCINOLONE ACETONIDE,CRM,0.01%
FLUOCINOLONE ACETONIDE,OINT,0.025%
metroNIDAZOLE,GEL,0.75%
STROVITE ONE,TAB,15-300-0-100-10
POVIDONE-IODINE,SOL,10%
PROPRANOLOL HYDROCHLORIDE,TAB,10MG
FLUTICASONE PROPIONATE,OINT,0.005%
CLOBETASOL PROPIONATE,OINT,0.05%
NYSTATIN,OINT,100000U/G
TAZAROTENE,CRM,0.1%
TAZAROTENE,CRM,0.1%
NYSTATIN,CRM,100000U/G
DICLOFENAC SODIUM,SOL,2%
TESTOSTERONE,GEL,1.62%
CICLOPIROX,SHAMPOO,1%
ALBENDAZOLE,TAB,200MG
"TOBRAMYCIN, DEXAMETH",SUSP,0.3-0.1%
TRIJARDY XR,TAB,25-5-1000MG
HumuLIN 70/30,INJ,70-30U/ML
INSULIN LISPRO,INJ,100U/ML
TRULICITY,INJ,4.5MG/0.5ML
CALTRATE 600 +D,TAB,600-200MG-IU
ELIQUIS,TAB,5MG
PREVNAR 13,INJ,2.2-2.2-2.2-2.2
GABAPENTIN/AMITR/TRIAM,,
ZEPBOUND 5MG/0.5ML S,INJ,5MG/0.5ML
MOUNJARO 7.5MG/0.5ML,INJ,7.5MG/0.5ML
MOUNJARO,INJ,2.5MG/0.5ML
JANUMET,TAB,50-500MG
JANUMET,TAB,50-1000MG
M-M-R II,INJ,NA
UBRELVY,TAB,50MG
COMBIGAN,SOL,0.2-0.5%
PRISTIQ,TAB ER,50MG
DEPO-TESTOSTERONE,INJ,100MG/ML
STEGLATRO,TAB,5MG
PAXLOVID,TAB,150-100MG
VIAGRA,TAB,25MG
PEDIALYTE FREEZER PO,SOL,
LUPRON DEPOT,INJ,30MG
predniSONE,TAB,10MG
PATADAY,DROP,0.7%
MERCAPTOPURINE,TAB,50MG
dexAMETHasone,TAB,1MG
PAXLOVID,TAB,150-100MG
RETACRIT,INJ,2000U/ML
LORATADINE,TAB,10MG
GAS-X ULTRA STRENGTH,CAP,180MG
GAS-X EXTRA STRENGTH,CAP,125MG
ROBITSSN CHD C/C CF,SOL,5-50-2.5MG/5ML
ROBITUSSIN-DM,LIQ,10-100MG/5ML
CeleBREX,CAP,200MG
PREMARIN,TAB,0.3MG
ROBITUSSIN ADULT COU,SOL,20-200MG/20ML
predniSONE,TAB,50MG
PREMPRO,TAB,0.3-1.5MG
MYCOPHENOLATE MOFETIL,TAB,500MG
DESVENLAFAXINE SUCCINATE,TAB ER,25MG
METHADONE HYDROCHLORIDE,TAB,5MG
ESZOPICLONE,TAB,3MG
AZELASTINE HYDROCHLORIDE,SPRY,137MCG/ACTUATIO
GUAIFENESIN/DEXTROME,SYRU,10-100MG
NYSTATIN,SUSP,100000U/ML
LORazepam,SOL,2MG/ML
GUAIFENESIN/CODEINE,SOL,100-10MG/5ML
diphenhydrAMINE HYDROCHLORIDE,SOL,12.5MG/5ML
ACETAMINOPHEN,LIQ,160MG/5ML
FLUoxetine HYDROCHLORIDE,SOL,20MG/5ML
VITAMIN A & D,ONT,-
KETOCONAZOLE,CRM,2%
AMOXICILLIN/CLAVULAN,PWD,400-57MG/5ML
TRIAMCINOLONE ACETONIDE,CRM,0.5%
PREVIDENT 5000 PLUS,PASTE,1.1%
FLEET,SUPP,2.8G/2.7ML
DOCUSATE SODIUM,SUSP,50MG/5ML
guaiFENesin,SYR,100MG/5ML
DOXYCYCLINE HYCLATE,CAP,50MG
"CARBIDOPA, LEVODOPA",TAB,25-100MG
XERAC AC,SOL,6.25%
FINASTERIDE,TAB,5MG
FLUTICASONE PROPIONA,INH,100-50MCG/ACTUA
ASPIRIN,CHEW,81MG
MIRALAX,PWD,17G
CLARITIN,TAB,10MG
COLD & COUGH,SOL,1-5-2.5MG/5ML
AMOXICILLIN TRIHYDRATE,PWD,400MG/5ML
DICLOXACILLIN SODIUM,CAP,500MG
ESZOPICLONE,TAB,3MG
EPINEPHrine,INJ,0.15MG/DOSE
NEFAZODONE,TAB,150MG
PRAVASTATIN SODIUM,TAB,40MG
AMOXICILLIN TRIHYDRATE,CHEW,250MG
sulfaSALAzine,TAB,500MG
NALOXONE HYDROCHLORIDE,SPRY,4MG/0.1ML
FOCALIN XR,CAP,15MG
QULIPTA,TAB,60MG
TOBRADEX,OINT,0.3-0.1%
SUDAFED 12 HOUR,TAB ER,120MG
POLY-VI-SOL,DROP,35-400-2-5-1500
BRILINTA,TAB,90MG
PULMICORT,INH,90MCG/ACTUATION
FERROUS SULFATE,ELX,220MG/5ML
OCEAN,SPRY,0.65%
RETIN-A,CRM,0.05%
ONEXTON,GEL,1.2-3.75%
CERAVE,CRM,0-0-0-0-0-0-0-0
VITAMIN E,CAP,200IU
VITAMIN E,CAP,400IU
VITAMIN B12,TAB,100MCG
VITAMIN B12,TAB,500MCG
VITAMIN B12,TAB,500MCG
TEMAZEPAM,CAP,15MG
NIFEdipine,CAP,10MG
CARBIDOPA/LEVODOPA,TAB,25-100MG
fluvoxaMINE MALEATE,CAP ER,100MG
DULoxetine,CAP,30MG
HIBICLENS,LIQ,4%
HIBICLENS,SOL,4%
PETROLATUM,ONT,
CONTOUR NEXT EZ MONITORI SYS,EA,
LOKELMA,PWD,10G
WITCH HAZEL,LIQ,
FERROUS SULFATE,TAB,325MG
ISOtretinoin,CAP,20MG
ADAPALENE,CRM,0.1%
NOVOFINE 32G TIP NEEDLE,EA,
CLOBETASOL PROPIONATE,CRM,0.05%
CICLOPIROX,GEL,0.77%
VICTOZA,INJ,6MG/ML
WEGOVY 4MG TABLET,TAB,4MG
BACLOFEN,TAB,20MG
diazePAM,TAB,2MG
diazePAM,TAB,5MG
diazePAM,TAB,5MG
TRELEGY ELLIPTA,PWD,100-62.5-25MCG/
FAMOTIDINE,TAB,20MG
ADVAIR DISKUS 500/50,INH,500-50MCG/ACTUA
ADVAIR HFA,AER,230-21MCG/ACTUA
FLOVENT HFA,AER,110MCG/ACTUATIO
VALSARTAN/HCTZ,TAB,320-12.5MG
VALSARTAN/HCTZ,TAB,320-25MG
PANTOPRAZOLE SODIUM,TER,40MG
TRETINOIN,GEL,0.04%
TRETINOIN,GEL,0.1%
ACYCLOVIR,OINT,5%
cycloSPORINE,EMUL,0.05%
valACYclovir HYDROCHLORIDE,TAB,1G
ESTRADIOL,FILM,0.05MG/24H
VARENICLINE TARTRATE,TAB,0.5MG
AMLODIP/VALSARTAN,TAB,5-160MG
AMLODIPINE/VALSARTAN,TAB,5-320MG
TELMISARTAN,TAB,20MG
ZEASORB ATHLETE'S FO,PWD,2%
ALLOPURINOL,TAB,100MG
CHLORTHALIDONE,TAB,25MG
TAMOXIFEN CITRATE,TAB,20MG
METOPROLOL/HYDROCHLO,TAB,50-25MG
HYDROmorphone HCL,TAB,8MG
ATROPINE SULFATE,INJ,0.1MG/ML
ESTRACE,CRM,0.01%
ARMOUR THYROID,TAB,30MG
VIIBRYD,TAB,10MG
VIIBRYD,TAB,40MG
LUBIPROSTONE,CAP,8MCG
ADAPALENE,GEL,0.3%
HYDROCORTISONE,CRM,2.5%
BETAMETHASONE/CLOTRI,CRM,1-0.05%
DESOXIMETASONE,OINT,0.25%
OLMESARTAN MEDOXOMIL,TAB,5MG
OSELTAMIVIR PHOSPHAT,CAP,75MG
LISDEXAMFETAMINE DIM,CAP,10MG
ROGAINE,FOAM,5%
IPRATROPIUM/ALBUTERO,SOL,0.5-3MG/3ML
FLUTICASONE PROPIONA,SPRY,50MCG/ACTUATION
IRON,TAB,65MG
DEXMETHYLPHENIDATE H,CAP,5MG
14593002.02,13286636.47,1306363.72
